,y,y_pred
0,কফিন,কফিন
1,উচ্চশিক্ষা,উচ্চশিক্ষা
2,দারিদ্র্য,দারিদ্র্য
3,পাচঁ,পাচঁ
4,করা,করা
5,সপ্তাহ,সপ্তাহ
6,উত্তোলন,উত্তোলন
7,সবার,কে
8,মুরগী,মুরগী
9,উচ্ছ্বাস,উচ্ছ্বাস
10,আদম,আদম
11,ইন্ডিয়া,ইন্ডিয়া
12,চাপড়,চাপড়
13,কচু,কচু
14,অধ্যবসায়,অধ্যবসায়
15,ডাব,ডাব
16,ওয়ালটন,ওয়ালটন
17,বিকাল,বিকাল
18,পরীক্ষা,পরীক্ষা
19,আসা,আসা
20,ভিড়,ভিড়ে
21,একনায়কতন্ত্র,একনায়কতন্ত্র
22,বিকল্প,বিকল্প
23,শাকিল,শাকিল
24,গ্রুপ,গ্রুপ
25,জাতি,জাতি
26,কলা,কলা
27,মাতৃহারা,মাতৃহারা
28,স্ট্রিট,স্ট্রিট
29,উদ্যম,উদ্যম
30,রিকশা,রিকশা
31,বিভাজন,বিভাজক
32,অভাজন,অভাজন
33,লিস্ট,লিস্ট
34,কর্দমশিলা,কর্দমশিলা
35,মিলাদ,মিলাদ
36,ভোজন,ভোজন
37,প্রমিত,প্রমিত
38,ক্যাম্পাস,ক্যাম্পাস
39,সামঞ্জস্য,অসামঞ্জস্যপূর্ণ
40,ফরাসি,ফরাসি
41,ঘনত্ব,ঘনত্ব
42,ইজরায়েল,ইজরায়েলি
43,কাজ,কাজ
44,চার,চারট
45,এগারো,এগারো
46,কাটা,কাটা
47,দশমিক,দশমিক
48,হুসাইন,হুসাইন
49,যাওয়া,যাওয়া
50,নরম,নরম
51,ভুক্ত,ভুক্ত
52,অপুষ্টি,অপুষ্টি
53,লজ্জা,লজ্জা
54,যোগ্য,যোগ্য
55,মিলন,মিলনমেলা
56,জন্তু,জন্তু
57,উদবোধন,উদবোধন
58,কর্তৃপক্ষ,কর্তৃপক্ষ
59,টিথ,টিথ
60,আদেশ,আদেশ
61,জাম,জাম
62,তখন,তখন
63,অমঙ্গল,অমঙ্গল
64,না,নে
65,গোলক,গোল
66,লোকগীতি,লোকগতি
67,কাচা,কাচা
68,কনে,কন
69,অশুচি,অশুচি
70,অকাল,অকাল
71,মেলামেশা,মেলামেশা
72,বিদ্যাপীঠ,বিদ্যাপীঠ
73,মাইক্রোওয়েভ,মাইক্রোওয়েভ
74,তীর্থযাত্রী,তীর্থযাত্রী
75,কাটানো,কাটা
76,লড়াই,লড়াই
77,স্কুল,স্কুল
78,শিশুসাহিত্যিক,শিশুসাহিত্যিক
79,আপেক্ষিক,আপেক্ষিকতা
80,সমাজ,সমাজ
81,টেবিল,টেবিল
82,প্রতিরক্ষা,প্রতিরক্ষা
83,কম্বু,কম্বুকণ্ঠ
84,আহত,আহত
85,অদৃশ্য,অদৃশ্য
86,পরিচারিকা,পরিচারিকা
87,ক্রনিকলার,ক্রনিকলা
88,বাবামা,বাবা
89,কাস্তে,কাস্তে
90,বাণিজ্য,বাণিজ্য
91,ঐ,ঐ
92,ওঠা,ওঠা
93,বর্গ,বর্গক্ষেত্র
94,বেদনা,বেদনা
95,হিন্দুবীর,হিন্দুবীর
96,যেজন্য,যেজন্য
97,লোভ,লোভ
98,পটভূমি,পটভূমি
99,আক্কেল,আক্কেল
100,বই,বই
101,উপরে,উপরে
102,শস্য,শস্যদানা
103,যন্ত্র,যন্ত্রণা
104,গাড়ি,গাড়ি
105,ক্লাউডিয়া,ক্লাউডিয়া
106,নাস্তিক,নাস্তিকতা
107,অস্থিতিশীল,অস্থিতিশীল
108,বুদ্ধ,বুদ্ধ
109,বিধায়,বিধায়
110,ঘনমূল,ঘনমূল
111,পাঠক,পাঠক
112,বাইচ,বাইচ
113,রস,রস
114,একাডেমি,একাডেমি
115,চিকিৎসা,চিকিৎসাবিদ্যা
116,ভর্তুকি,ভর্তুকি
117,নির্দেশ,নির্দেশ
118,ডোবা,ডোব
119,অ্যাংলো,অ্যাংলো
120,হরিৎ,হরিৎ
121,জমিন,জমিন
122,হালনাগাদ,হালনাগাদ
123,আইনস্টাইন,আইনস্টাইন
124,অপরিহার্য,অপরিহার্য
125,সম্প্রসারিত,সম্প্রসারণ
126,বীর্যস্থলন,বীর্যস্থলন
127,বাকি,বাকি
128,অভিঘাত,অভিঘাত
129,শ্যামপুকুর,শ্যামপুকুর
130,ভবিষ্যদ্বাণী,ভবিষ্যদ্বাণী
131,হর্টিকালচারাল,হর্টিকালচারাল
132,কর,কর
133,সমর্থক,সমর্থক
134,কিংবদন্তি,কিংবদন্তি
135,ইউক্রেন,ইউক্রেন
136,ইন্স্পেক্ট্রেস্,ইন্স্পেক্ট্রেস্
137,পার্শতবর্তী,পার্শত
138,আদালত,বিচার
139,জাহাজ,জাহাজ
140,প্রাণগণ,প্রাণি
141,কুসুম,কুসুম
142,ফটক,ফটক
143,কদম,কদম
144,মাওয়াদী,মাওবাদী
145,প্রখরবুদ্ধি,প্রখরবুদ্ধি
146,ময়ূর,ময়ূর
147,আকর্ষণী,আকর্ষণী
148,অনুভূত,অনুভূত
149,ধুয়া,ধুয়া
150,রুটি,রুটি
151,দোলনা,দোলনা
152,আগ,আগ
153,দাবার,দাবার
154,নাগাল্যান্ড,নাগাল্যান্ড
155,বিআরটিসি,বিআরটিসি
156,তেঁতুল,তেঁতুল
157,ডাব্লিউডাব্লিউই,ডাব্লিউইসি
158,বিগ্রহ,বিগ্রহ
159,স্টিভ,স্টিভ
160,কর্নওয়ালিস,কর্নওয়ালিস
161,ধাক্কা,ধাক্কা
162,পোলিশ,পোলিশ
163,পারা,পারা
164,জনপ্রিয়,জনপ্রিয়
165,আক্রমণ,আক্রমণ
166,যোশিয়,যোশিয়
167,মুক্ত,মুক্তি
168,অ্যাব,অ্যাবে
169,ফুটনোট,ফুটনোট
170,ভূমিকা,ভূমিকা
171,বেল,বেল
172,অষ্ট্রিয়া,অষ্ট্রিয়াদ
173,জালি,জালি
174,ট্যাক্সি,ট্যাক্সি
175,রাষ্ট্রপক্ষ,রাষ্ট্রপক্ষে
176,ঘুঘু,ঘুঘু
177,ফ্রেডি,ফ্রেডি
178,লেখা,লেখা
179,পিপড়া,পিপড়া
180,অর্থসচিব,অর্থসচিব্ধ
181,সাল,সাল
182,পাটি,পাটি
183,তরু,তরু
184,বহুপদী,বহুপদী
185,মহান,মহান
186,তথ্য,তথ্য
187,কক্ষপথ,কক্ষপথ
188,ভাঙা,ভাঙা
189,নাগরিক,নাগরিক
190,দূরদর্শন,দূরদর্শন
191,গুহা,গুহা
192,কাঁকড়া,কাঁকড়া
193,অনীহা,অনীহা
194,ডুমুর,ডুমুর
195,সংঘ,সংঘ
196,চাষ,চাষা
197,অগ্নিসংযোগ,অগ্নিসংযোগ
198,প্রথা,প্রথা
199,মহল,মহল
200,আইনজ্ঞ,আইনজ্ঞ
201,ঘোষক,ঘোষক
202,হওয়া,হওয়া
203,চিত্র,চিত্রকর্ম্ম
204,প্রথম,প্রথম
205,কর্মকর্তা,কর্মকর্তা
206,বেটা,বেটা
207,শালা,শালা
208,ভয়ুফ,ভয়
209,কাউন্টি,কাউন্টি
210,জজ,জজ
211,পাওয়া,পাওয়া
212,হিন্দুধর্ম,হিন্দুধর্ম
213,যন্ত্রসঙ্গীত,যন্ত্রসঙ্গীত
214,আর্য,আর্য
215,অবগাহন,অবগাহন
216,দো,দো
217,দল,দল
218,জুয়া,জুয়ার
219,কচুরিপানা,কচুরিপানা
220,কোন,কোনরূপ
221,ঝরা,ঝরানো
222,বিজ্ঞান,বিজ্ঞান
223,নিমোক,নিমো
224,যৌনক্রিয়া,যৌনক্রিয়া
225,উদ্বাস্তু,উদ্বাস্তু
226,কাহিনী,কাহিনী
227,আমিরাত,আমিরাত
228,দয়াপরবশ,দয়াপরবশ
229,চিন্তা,চিন্তাবিদ
230,চাকরি,চাকরি
231,উপকার,উপকার
232,ছুটি,ছুটি
233,সিরাজদ্দৌলা,সিরাজদ্দৌলা
234,সংখ্যা,সংখ্যা
235,সাংবাদিক,সাংবাদিক
236,সারি,সারিটার
237,উদ্বাস্তু,উদ্বাস্তু
238,নকশা,নকশা
239,নাগিনী,নাগিনী
240,উগান্ডা,উগান্ড
241,ভেরী,ভেরী
242,কুমার,কুমার
243,ভোটগ্রহণ,ভোট
244,ইয়ত্তা,ইয়ত্তা
245,কোন,কোন
246,ইঁদুর,ইঁদুর
247,তাবু,তাবু
248,মডেলিং,মডেলিং
249,এসপিএম,এসপিএম
250,অভ্যর্থনা,অভ্যর্থনা
251,ইচ্ছা,ইচ্ছা
252,ডালিয়া,ডালিয়া
253,মিথস্ক্রিয়া,মিথস্ক্রিয়া
254,মন্বন্তর,মন্বন্তর
255,সমতা,সমতা
256,সিলভা,সিলভা
257,ছাত্র,ছাত্রছাত্রী
258,ওভারকোটের,ওভারকোট
259,রেণুকা,রেণুকা
260,বিবাদীপক্ষ,বিবাদী
261,নফতলী,নফতলী
262,অভয়,অভয়পাশা
263,চরকি,চরকি
264,লাউ,লাউ
265,প্রতিষ্ঠান,প্রতিষ্ঠান
266,যথা,যথা
267,ভুটান,ভুটান
268,শরীল,শরীল
269,স্বৈরতন্ত্র,স্বৈরতান্ত্রিক
270,ক্রিয়েটিভ,ক্রিয়েটিভ
271,ফানুস,ফানুস
272,উদ্দেশ্য,উদ্দেশ্য
273,যিহোশাফট,যিহোশাফট
274,ভাড়া,ভাড়া
275,কক্ষপথ,কক্ষপথ
276,ধনাগার,ধনাগার
277,মডুলাস,মডুলাস
278,হিটলার,হিটলার
279,নিয়ত,নিয়ত
280,শতপর্ণা,শতপর্ণা
281,রাখা,রাখা
282,ধাঁধা,ধাঁধা
283,কাদেরী,কাদের
284,সংখ্যা,সংখ্যা
285,খায়সার,খায়সার
286,মনোরঞ্জন,মনোরঞ্জন
287,খিলাফ,খিলাফ
288,নামা,নামা
289,অযোগ্য,অযোগ্য
290,প্যারাসোর্স,প্যারাসোর্স
291,জীবাণু,জীবাণু
292,উভয়,উভয়
293,সম্মুখ,সম্মুখ
294,বাধা,বাধা
295,অনশন,অনশন
296,পণ্ডিতমহাশয়,পণ্ডিতমহাশয়
297,আলু,আলুর
298,আত্ম,আত্ম
299,বৈদেশিক,বৈদেশিক
300,বলা,বলা
301,মহামূল্যবান,মহামূল্য
302,চলা,চলা
303,খাত,খাওয়া
304,অনুজীব,অনুজীব
305,শুভদৃষ্টি,শুভদৃষ্টি
306,উর্দু,উর্দু
307,অভিবাসী,অভিবাসী
308,অস্ফুট,অস্ফুটস্বর
309,জানা,জানা
310,অপবিত্র,অপবিত্র
311,বসন্ত,বসন্ত
312,কথা,কথা
313,রউফ,রউফ
314,আকাশ,আকাশ
315,নিনর্স্ক,নিনর্স্ক
316,তক্ষশীলা,তক্ষবা
317,চিত্রাবলি,চিত্রাবলি
318,সাউথইস্ট,সাউথইস্ট
319,করা,করা
320,উত্পত্তি,উত্পত্তি
321,উদ্ধৃতাংশ,উদ্ধৃতাংশ
322,তিনি,তিনি
323,খণ্ড,খণ্ডাংশ
324,লেখা,লেখা
325,তারাবি,তারাবি
326,তলদেশে,তলদেশে
327,আকিমিন,আকিমিনীয়
328,আইন,আইন
329,ডা,ডা
330,অর্পণ,অর্পণ
331,পাতা,পাতা
332,ব্রুনাই,ব্রুনাইয়ে
333,আশঙ্কা,আশঙ্কা
334,বস্তু,বস্তু
335,বিয়ে,বিয়ে
336,তরুণ,তরুণ
337,অস্ট্রেলিয়া,অস্ট্রেলিয়া
338,স্নেহ,স্নেহ
339,কর্মী,কর্মী
340,টালিগঞ্জ,টালিগঞ্জ
341,দেশবিদ্রোহ,দেশবিদ্রোহী
342,অস্তচলা,অস্তাচল
343,বিজয়চন্দ্র,বিজয়চন্দ্র
344,বুঝা,বুঝা
345,অভিজ্ঞান,অভিজ্ঞান
346,কেনা,কেনাবেচা
347,সাপ্লাই,সাপ্লাই
348,চাহিদা,চাহিদা
349,এ,এটা
350,কালো,কালো
351,বিশ্লেষণ,বিশ্লেষণ
352,চৈনিক,চৈনিক
353,মস্তিষ্ক,মস্তিষ্ক
354,ঘর,ঘর
355,ক্ষারক,ক্ষার
356,দক্ষিণপশ্চিম,দক্ষিণপশ্চিম
357,টুর্নামেন্ট,টুর্নামেন্ট
358,সন্ত্রাসবিরোধী,সন্ত্রাস
359,যাবজ্জীবন,যাবজ্জীবন
360,সমাজতন্ত্র,সমাজতন্ত্র
361,জনহিত,জনহিত
362,এদিক,এদিক
363,বাদর,বাদর
364,নুর,নুর
365,তল,তলানো
366,ইয়েকাটেরিনবার্গ,ইয়েকাটেরিনবার্
367,নীচ,নীচ
368,এই,এই
369,অ্যাওয়ার্ড,অ্যাওয়ার্ড
370,সিরিয়াস,সিরিয়াস
371,চিত্তবিনোদন,চিত্তবিনোদন
372,দায়,দায়ী
373,কর্মশক্তি,কর্মশক্তি
374,উপাসনার,উপাসন
375,প্রাণ,প্রাণ
376,প্যাক্স,প্যাক্স
377,মদ,মদ্যপায়ী
378,মই,মই
379,টই,ট
380,সংবেদন,সংবেদন
381,ক্ষমতা,ক্ষমতাহীন
382,ঠিক,ঠিক
383,সিঙ্গাপুর,সিঙ্গাপুর
384,পাঁচ,পাঁচ
385,ফরম,ফরম
386,আল্লাহ,আল্লাহ
387,অংশ,অংশ
388,আংশিক,আংশিক
389,শোভনদেব,শোভনদেব
390,শহর,শহর
391,কোল,কোল
392,অংশ,অংশ
393,দূর্গ,দূর্গ
394,গরজ,গরজ
395,মাল্লোহি,মাল্লোহিন
396,করণ,করণ
397,ক্ষমতা,ক্ষমতা
398,টুইটার,টুইটার
399,ঠিকানা,ঠিকানা
400,রসগোল্লা,রসগোল্লা
401,উপানুষ্ঠান,উপানুষ্ঠানিক
402,একনিষ্ঠ,একনিষ্ঠ
403,দিব্যি,দিব্যি
404,ইপিটিএ,ইপিটিএ
405,দরদ,দরদ
406,কাটা,কাটা
407,গাড়ি,গাড়ি
408,অধিগ্রহণ,অধিগ্রহণ
409,উপগ্রহ,উপগ্রহ
410,পড়া,পড়া
411,শরীর,শারীরিক
412,ঘ্যানঘ্যান,ঘ্যানঘ্যান
413,পাপ,পাপ
414,ভুবন,ভুবনট্র
415,ড্রাকুলা,ড্রাকুলার
416,চিতাবাঘ,চিতাবাঘ
417,কবর,কবর
418,ঘুড়ি,ঘুড়ি
419,ময়ূর,ময়ূর
420,তেমন,তেমন
421,এলাকা,এলাকা
422,ফেলা,ফেলা
423,শিকড়,শিকড়া
424,কাচা,কাচা
425,জাহাজ,জাহাজ
426,উত্স,উত্স
427,লিগ,লিগ
428,অনিশ্চয়তা,অনিশ্চয়তা
429,পরিস্ফুটন,পরিস্ফুটিত
430,উত্ফুল্ল,উত্ফুল্ল
431,কলেজছাত্র,কলেজছাত্র
432,প্রতিষ্ঠান,প্রাতিষ্ঠানিক
433,অভয়,অভয়
434,কদর,কদর
435,আবক্ষ,আবক্ষ
436,আয়োজন,আয়োজন
437,দৌড়,দৌড়
438,কেন্দ্র,কেন্দ্র
439,ঋতু,ঋতু
440,ভিখারিণী,ভিখারিণ
441,ফিরা,ফেরা
442,নির্মান,নির্মান
443,বসবাস,বসবাস
444,চ্যাপ্টার,চ্যাপ্টার
445,রেশম,রেশম
446,থামা,থামা
447,ঝরা,ঝরানো
448,অগভীর,অগভীরতা
449,দরকার,দরকার
450,জামালপুর,জামালপুর
451,ক্ষমতা,ক্ষমতা
452,খুন,খুন
453,ইংরেজি,ইংরেজি
454,ছোলা,ছোলা
455,কারুপল্লী,কারুপল্লী
456,রেজাল্ট,রেজাল্ট
457,স্বরূপ,স্বরূপ
458,হক,হক
459,অপছন্দ,অপছন্দ
460,চুলা,চুলা
461,অতৃপ্ত,অতৃপ্ত
462,গরু,গরু
463,অভিমত,অভিমত
464,অবতরণ,অবতরণ
465,প্রতিইলেকট্রন,প্রতিইলেকট্রন
466,খাঁচা,খাঁচা
467,ক্রমবর্ধন,ক্রমবর্ধন
468,উমরা,উমরা
469,টেলিফোন,টেলিফোন
470,পবিত্র,পবিত্র
471,স্ট্রিং,স্ট্রিং
472,কামরা,কামরা
473,মেঘ,মেঘ
474,রমাদান,রমাদান
475,দরগাহ,দরগাহ
476,কলেরা,কলেরা
477,কামালিয়া,কামালিয়া
478,সাক্ষি,সাক্ষিক
479,থানা,থানা
480,দেশ,দেশিয়
481,কর্ণধার,কর্ণধার
482,আদর্শ,আদর্শ
483,লোকজন,লোকজন
484,অঙ্গীকার,অঙ্গীকার
485,কাচা,কাচা
486,তামিল,তামিল
487,শেখা,শেখা
488,প্রতিমুখে,প্রতিমুখে
489,আর্জি,আর্জিসেন
490,হুল্লোড়,হইহুল্লোড়ন
491,তল্লাশী,তল্লাশী
492,অযত্ন,অযত্ন
493,অক্টোপাস,অক্টোপাস
494,প্লাসমা,প্লাসমা
495,প্রজা,প্রজাবৃন্দ্বী
496,পূর্বনাম,পূর্বনাম
497,রাখা,রাখা
498,অমন,অমন
499,পার্শ্ব,পার্শ্ব
500,ডলফিন,ডলফিন
501,রক্ত,রক্ত
502,ভবন,ভবন
503,পান্ডুলিপি,পান্ডুলিপি
504,অকাজ,অকাজ
505,ধুনন,ধুনন
506,হিংসা,হিংসা
507,ঠাকুরাণী,ঠাকুরাণী
508,আধিপত্য,আধিপত্য
509,অব্যবস্থা,অব্যবস্থা
510,পাবলিশার্স,পাবলিশার্স
511,নিরাশ,নিরাশ
512,আহবান,আহবান
513,গভীর,গভীর
514,রুপা,রৌপ্য
515,খাওয়া,খাওয়া
516,অর্থ,আর্থিক
517,কুলানা,কুলান
518,গগন,গগন
519,বাছা,বাছারা
520,ভাবনা,ভাবনা
521,গ্রহ,গ্রহঅণু
522,চিতা,চিতাই
523,অবগাহন,অবগাহন
524,আহত,আহত
525,ইউনিয়ন,ইউনিয়ন
526,হওয়া,হয়তো
527,আলোচনাসভা,আলোচনাসভা
528,সিঙ্গাপুর,সিঙ্গাপুর
529,জল,জল
530,বর্জ্যভূমি,বর্জ্যভূমি
531,চেইন,চেইন
532,বাক্শক্তি,বাক্শক্তি
533,ফেলা,ফেলা
534,করা,করা
535,ছাত্র,ছাত্র
536,টাটকা,টাটকা
537,জঙ্গি,জঙ্গি
538,রিলেটিভিটি,রিলেটিভিটি
539,প্রক্রিয়াজাতকরণ,প্রক্রিয়াজাতকরণ
540,স্নেহ,স্নেহান্ধু
541,চিকা,চিকা
542,বার্সেলোনা,বার্সেলোনার
543,প্লানকিং,প্লানকিং
544,গদ্যসাহিত্য,গদ্যসাহিত্য
545,সমক্ষে,সমক্ষেপ
546,উৎক্ষেপণ,উৎক্ষেপণ
547,পড়া,পড়া
548,পরিচারিকা,পরিচারিকা
549,ব্লগার,ব্লগার
550,কারখানা,কারখানা
551,ফিডার,ফিডার
552,হেইন,হেইন
553,স্বাধীন,স্বাধীনতা
554,মৌসুম,মৌসুম
555,তীমথিয়,তীমথি
556,কাচা,কাচা
557,আমন,আমন
558,জলসা,জলসা
559,নিমন্ত্রণ,নিমন্ত্রণ
560,উত্সাহ,উত্সাহ
561,ঔদ্ধত্য,ঔদ্ধত্যপূর্ণ
562,হাউসকিপার,হাউসকিপার
563,ঘাট,ঘাটতি
564,সারি,সরা
565,বদ,বদ
566,নকশা,নকশা
567,প্রতিদিন,প্রতিদিন
568,লেখা,লেখা
569,মোটরস্পোর্ট,মোটরস্পোর্ট
570,অভ্যাস,অভ্যাস
571,গলা,গলা
572,রোহিঙ্গা,রোহিঙ্গা
573,তারকাঁটা,তারকাঁটা
574,কিশোর,কিশোর
575,স্বদেশ,স্বদেশ
576,জল,জল
577,আদর্শ,আদর্শ
578,ভয়প্রবণ,ভয়প্রবণ
579,অকৃত্রিম,অকৃত্রিম
580,লাগেফুয়ে,লাগেফুয়েরা
581,সর্বঅপেক্ষা,সর্বাপেক্ষা
582,চেম্বার,চেম্বার
583,উত্ফুল্ল,উত্ফুল্ল
584,যখন,যখন
585,যুবক,যুবক
586,পরিচালনা,পরিচালনা
587,এপার,এপার
588,গোলার্ধ,গোলার্ধ
589,সারিবদ্ধ,সারিবদ্ধ
590,আনুষ্ঠানিক,আনুষ্ঠানিকতা
591,কেরসিন,কেরসিন
592,নেতৃবৃন্দ,নেতৃবৃন্দ
593,হিসাব,হিসাব
594,শল্য,শল্য
595,পাঠক,পাঠক
596,অভিমত,অভিমত
597,নালা,নালা
598,ভার্যা,ভার্যা
599,পাওয়া,পাওয়া
600,অংশ,অংশ
601,পাথর,পাথর
602,ইউনিয়ন,ইউনিয়ন
603,প্রথা,প্রথা
604,শীর্ষস্থান,শীর্ষস্থান
605,ঘটা,ঘটা
606,ব্যাঘাত,ব্যাঘাত
607,বারোবো,বারোবো
608,ভ্রমণ,ভ্রমণ
609,বাক্যহীন,বাক্যহীন
610,উদ্ভাবনী,উদ্ভাবনী
611,এশিয়ান,এশিয়ান
612,দাঙ্গা,দাঙ্গাহাঙ্গামা
613,নাটক,নাটক
614,বৃদ্ধি,বৃদ্ধি
615,কুরআন,কুরআন
616,আমি,আমাদের
617,শোনা,শোনা
618,অপদস্থ,অপদস্থ
619,গণপরিষদ,গণপরিষদ
620,অন্তঃশুল্ক,অন্তঃশুল্ক
621,চুন,চুন
622,সময়,সময়
623,সেমিনার,সেমিনার
624,চৈত্র,চৈত্র
625,তাদে,তাদ
626,সীমন্তবর্তী,সীমন্তবর্তী
627,আফ্রিকাবাসী,আফ্রিকা
628,আশাবাদ,আশাবাদ
629,শর্ত,শর্ত
630,তরবারি,তরবারি
631,অদৃষ্ট,অদৃষ্ট
632,যাকোব,যাওয়া
633,খেলনা,খেলনা
634,ছদ্মবেশ,ছদ্মবেশ
635,পারা,পারা
636,অন্তিম,অন্তিম
637,তিগ্ম,তিগ্ম্থ
638,তুলা,তোলা
639,হড়কা,হড়কা
640,যাওয়া,যাওয়া
641,জালালউদ্দিন,জালালউদ্দিন
642,মাউস,মাউস
643,তরিকা,তরিকা
644,গল্পকার,গল্প
645,মন্দ,মন্দ
646,আবহাওয়া,আবহাওয়া
647,সুবিধা,সুবিধার্থ
648,শয়তান,শয়তান
649,খিলান,খিলান
650,দ্বাদশ,দ্বাদশ
651,পশু,পশু
652,বিপিন,বিপিন
653,ভিভিয়ান,ভিভিয়ান
654,কাচা,কাচা
655,বলা,বলা
656,বিভাগ,বিভাগ
657,অকল্যাণ,অকল্যাণ
658,অসার,অসার
659,প্রতি,প্রতি
660,জেমসটাউন,জেমসটাউন
661,পণ,পণ
662,চাপা,চাপা
663,ভ্যারিয়েবল,ভ্যারিয়েবল
664,কাটা,কাটা
665,অযোগ্য,অযোগ্য
666,ভিখারি,ভিখারি
667,অচির,অচির
668,হত্যা,হত্যা
669,স্থগিত,স্থগিতাদেশ
670,কাঁদা,কাঁদা
671,সদাপ্রভু,সদাপ্রভু
672,প্রভু,প্রভুপাদন
673,সেখানে,সেখানে
674,নেপাল,নেপাল
675,হতভাগা,হতভাগ
676,ঝিনুক,ঝিনুক
677,ভালোবাসা,ভালোবাসা
678,পরিদর্শন,পরিদর্শন
679,পঁচিশ,পঁচিশ
680,সূর্যাস্ত,সূর্যাস্ত
681,বিশ্ব,বিশ্ব
682,মহাকর্ষ,মহাকর্ষ
683,পদাধিকারিক,পদাধিকারিক
684,আলেকজান্দ্রিয়া,আলেকজান্দ্রিয়া
685,কড়কড়,কড়কড়কড়
686,মহানগর,মহানগর
687,সৌরভ,সৌরভ
688,মাল,মাল
689,আত্মমর্যাদা,আত্মমর্যাদা
690,উপযোগী,উপযোগী
691,গীর্জা,গীর্জা
692,প্রাচীনকাল,প্রাচীন
693,অদৃশ্য,অদৃশ্য
694,নগজ,নগজ
695,পদ্য,পদ্য
696,বসা,বসা
697,সম্পদ,সম্পদ
698,ফাঁস,ফাঁস
699,ঋদ্ধ,ঋদ্ধতা
700,মুছা,মুছা
701,অন্তর্ভুক্ত,অন্তর্ভুক্তি
702,চাকা,চাকা
703,খিলজি,খিলজির
704,কাউন্টি,কাউন্টি
705,অবহেলা,অবহেলা
706,যোনী,যোনী
707,কাটা,কাটা
708,হ্যাবিটেব্ল,হ্যাবিটেব্ল
709,কোথা,কোন
710,মানব,মানবিক
711,ডাকাত,ডাকাত
712,দুশ্চিন্তা,দুশ্চিন্তা
713,অপ্রকৃত,অপ্রকৃত
714,রেলযোগাযোগ,রেলযোগাযোগ
715,বালিগঞ্জ,বালিগঞ্জ
716,ইন্দ্রিয়,ইন্দ্রিয়ক্ষোভ
717,গোঁড়ামি,গোঁড়ামির
718,কোরিয়ান,কোরিয়ান
719,পর্যবেক্ষন,পর্যবেক্ষন
720,অনুগত,অনুগত
721,বিহঙ্গ,বিহঙ্গ
722,ওসেটিয়া,ওসেটিয়া
723,অনিন্দ্য,অনিন্দ্য
724,শহর,শহুর
725,প্রতাপ,প্রতাপ
726,প্রয়াস,প্রয়াস
727,কাটা,কাটা
728,দেহ,দেহ
729,অযত্ন,অযত্ন
730,বাঁচা,বাঁচবো
731,আশ্রম,আশ্রম
732,গড়ন,গড়া
733,অন্তিম,অন্তিমযাত্রা
734,বয়সজনিত,বয়স
735,আই,আই
736,ব্যক্তি,ব্যক্তি
737,পেস্ট,পেস্ট
738,আধুনিকা,আধুনিকা
739,শ্রাবণ,শ্রাবণ
740,সহস্ররশ্মি,সহস্ররশ্মির
741,আন্দোলন,আন্দোলন
742,ঋদ্ধ,ঋদ্ধ
743,ব্রডব্যান্ড,ব্রডব্যান্ড
744,পুলিশ,পুলিশ
745,গেজেট,গেজেট
746,এমজি,এমজি
747,অংশ,অংশ
748,ভার্যা,ভার্যা
749,আত্মসম্মান,আত্মসম্মান
750,ঘর,ঘর
751,ইশারা,ইশারা
752,পিয়ান,পিয়ান
753,মরণ,মরা
754,ঐক্য,ঐক্য
755,এসএরিলিফ,এসএরিলিফ
756,নদী,নদী
757,ইউয়ান,ইউয়ানকিং
758,রাজনীতি,রাজনীতি
759,অবশ্যম্ভাবী,অবশ্য
760,বেলা,বেলা
761,উপাসন,উপাসন
762,চেরুস্কান,চেরুস্কান
763,বাসী,বাসী
764,ফোন,ফোন
765,বাদর,বাদর
766,খদ্দের,খদ্দের
767,গহনা,গহনা
768,আপত্তি,আপত্তি
769,গীত,গীতর
770,পরিষ্কার,পরিষ্কার
771,কলি,কলা
772,অবিসংবাদ,অবিসংবাদ
773,উপজাতীয়,উপজাতীয়
774,হবিগঞ্জ,হবিগঞ্জ
775,পোল্যান্ড,পোল্যান্ড
776,সাপ,সাপ
777,আসামী,আসামী
778,শীত,শীতলায়ন
779,পরামানিক,পরামানিক
780,মুছা,মুছা
781,বিশ্লেষণ,বিশ্লেষণী
782,তথ্যবাদ,তথ্যবাদ
783,মুলা,বালা
784,অঙ্ক,অঙ্ক
785,নিউমোনিয়া,নিউমোনিয়ায়
786,রাজ্য,রাজ্য
787,অল্প,অল্প
788,খালেদা,খালেদা
789,সুনির্দ্দিষ্ট,সুনির্দ্দীন
790,উলুগ,উলুগ
791,সার্টিফিকেট,সার্টিফিকেট
792,বনাম,বনাম
793,মাত্র,মাত্র
794,কার্জন,কার্জন
795,ছাড়ানো,ছাড়ানো
796,আবেদনকারী,আবেদনকারী
797,কেল্লা,কেল্লা
798,অনুপস্থিত,অনুপস্থিতি
799,ভোট,ভোট
800,ঝড়না,ঝড়না
801,রাষ্ট্রসংঘ,রাষ্ট্রসংঘ
802,রক্ষা,রক্ষা
803,পুরাতন,পুরান
804,বসা,বসা
805,খিটিমিটি,খিটিমিটি
806,চিস্তি,চিস্তি
807,উত্পাদক,উত্পাদন
808,অধীর,অধীর
809,প্রতিশোধ,প্রতিশোধ
810,অপ্রাপ্তবয়স্ক,অপ্রাপ্তবয়স্ক
811,রাসায়নিক,রাসায়নিক
812,ভূগোল,ভূগোল
813,মল,মল
814,প্রদর্শন,প্রদর্শন
815,ঝরনা,ঝরনা
816,ওমিদিইয়ার,ওমিদিইয়া
817,অষ্টভূজ,অষ্টভূজ
818,কমনস,কমনস
819,বিনোদিনী,বিনোদিনী
820,যোগ্য,যোগ্য
821,অব্রাহাম,অব্রাহাম
822,ইউনিসেফ,ইউনিসেফ
823,দেওয়া,দেওয়া
824,যন্ত্রণা,যন্ত্রণা
825,লেখা,লেখা
826,প্রতিবন্ধী,প্রতিবন্ধী
827,কায়দা,কায়দা
828,সাতচাড়া,সাতচাড়া
829,রিং,রিং
830,ইয়োহান,ইয়োহান
831,গতি,গতি
832,সৃষ্টি,সৃষ্টি
833,শিক্ষা,শিক্ষা
834,স্নাতকোত্তর,স্নাতকোত্তর
835,ঘন্টা,ঘন্টা
836,ঠাসা,ঠাসা
837,দেশ,দেশ
838,আরাম,আরাম
839,ক্ষতিগ্রস্ত,ক্ষতিগ্রস্ত
840,কোটি,কোটি
841,ষাঁড়,ষাঁড়
842,ধাঁধা,ধাঁধা
843,গোল্ডম্যান,গোল্ডম্যান
844,নিমন্ত্রন,নিমন্ত্রন
845,আশীর্বাদ,আশীর্বাদ
846,রচনাকাল,রচনা
847,মন্দির,মন্দির
848,অনুবাদ,অনুবাদ
849,অবয়ব,অবয়ব
850,পারিবার,পারিবারিক
851,অপরিণত,অপরিণু
852,ভদ্রমহোদয়,ভদ্রমহোদয়গণ
853,দায়িত্ব,দায়িত্ব
854,রাজ,রাজ
855,বহুদূরে,বহুদূরেই
856,বেলেপাথর,বেলেপাথর
857,অস্থায়ী,অস্থায়ী
858,মাতারবাড়ি,মাতারবাড়ি
859,ঘটা,ঘটা
860,আলোকসজ্জা,আলোকসজ্জা
861,মানচিত্র,মানচিত্র
862,ব্যাপ্ত,ব্যাপ্তি
863,বাল্ব,বাল্ব
864,কোমল,কোমল
865,সওদা,সওদা
866,অভিযান,অভিযান
867,অনাথ,অনাথ
868,মহালাছড়ি,মহালছড়ি
869,নবান্ন,নবান্ন
870,স্যামসাং,স্যামসাং
871,তটরেখা,তটরেখা
872,টুল,টুল
873,ভাঙা,ভাঙা
874,অন্তর্হিত,অন্তর্হিত
875,পররাষ্ট্রমন্ত্রী,পররাষ্ট্রমন্ত্রী
876,গাঁথুনি,গাঁথুনি
877,পাড়া,পাড়া
878,করা,করা
879,আত্মপ্রকাশ,আত্মপ্রকাশ
880,ষাট,ষাট
881,বায়ু,বায়ুযান
882,একদল,একদল
883,কেনিয়া,কেনিয়া
884,দস্তুর,দস্তু
885,আক্ষরিক,আক্ষরিক
886,ফেলা,ফেলা
887,মেঘ,মেঘনা
888,করা,করা
889,বোন,বোন
890,প্রাককলন,প্রাককলন
891,আদিবাসী,আদিবাসী
892,চক্র,চক্রান্ত
893,গাভী,গাভী
894,উল্লেখ,উল্লেখ
895,কটাক্ষ,কটাক্ষেত্র
896,নির্ণং,নির্ণং
897,লেখা,লেখা
898,দেওয়া,দেওয়া
899,অনুগামী,অনুগামী
900,দাঁড়াশ,দাঁড়াশ
901,মেয়ে,মেয়ে
902,অক্লান্ত,অক্লান্ত
903,নাকি,নাকি
904,আরোপ,আরোপ
905,ফ্র্যাঙ্ক,ফ্র্যাঙ্ক
906,আমিরাত,আমিরা
907,নাসর,নাসরীয়
908,গুনাহ,গুনাহ
909,পারস্য,পারস্য
910,শিল্প,শিল্পকর্ম
911,নৃশংস,নৃশংস
912,দোয়া,দোয়া
913,এরশাদ,এরশাদ
914,সৃষ্টি,সৃষ্ট
915,ধান,ধান
916,আভিজাত্য,আভিজাত্যবাদ
917,বৌ,বৌ
918,আত্মদান,আত্মদান
919,রওয়া,রওয়া
920,প্রোডাক্ট,প্রোডাক্টর
921,প্রাণবন্ত,প্রাণবন্ত
922,ধনগৃহ,ধনীগৃহের
923,ইলেক্ট্রিক্যাল,ইলেক্ট্রিক্যাল
924,কথাবার্তা,কথা
925,কর্মী,কর্মী
926,কাচা,কাচা
927,জীবন,জীবনীকার
928,সমবেদনা,সমবেদনা
929,মদ,মদ্যপান
930,নির্ম্মাণ,নির্ম্মাণ
931,প্রতিসমতা,প্রতিসমতা
932,চিহ্ন,চিহ্ন
933,পাশ্চাত্য,পাশ্চাত্য
934,ইউআই,ইউআই
935,মেয়ে,মেয়ে
936,ঘূর্ণিরূপ,ঘূর্ণিরূপ
937,খুশি,খুশি
938,গড়ালি,গড়া
939,ফাল্গুন,ফাল্গুন
940,তীর,তীর
941,প্রবন্ধ,প্রবন্ধ
942,রেলস্টেশন,রেলস্টেশন
943,কাপড়,কাপড়
944,জেলে,জেলে
945,গুনাম,গুনামা
946,লাভ,লাভ
947,কফ,কফ
948,নোরড,নোরড
949,কুমড়া,কুমড়া
950,পড়া,পড়া
951,অদলবদল,অদলবদল
952,বসতবাড়ি,বসতবাড়ি
953,আড়ৎ,আড়ৎ
954,নাপিত,নাপিত
955,লড়াই,লড়াই
956,সেয়ী,সেয়া
957,প্রভু,প্রভু
958,কাচা,কাচা
959,অধ্যয়ন,অধ্যয়ন
960,গম্বুজ,গম্বুজবিশিষ্ট
961,টারড,টারডে
962,পড়া,পড়া
963,বিষয়শ্রেণী,বিষয়শ্রেণী
964,নিশ্চয়,নিশ্চয়তা
965,সাজানো,সাজানো
966,দৌড়,দৌড়
967,ছোটো,ছোটো
968,জানানো,জানা
969,কাঞ্চন,কাঞ্চন
970,অনুল্লেখ,অনুল্লেখ্যক
971,কর্মকর্তা,কর্মকর্তা
972,স্কেল,স্কেল
973,হটা,হটানো
974,ট্যুইটার,ট্যুইটার
975,চেইন,চেইন
976,দমন,দমন
977,স্বামী,স্বামী
978,রিকল,রিকল
979,কন্ডুয়ন,কন্ডুয়ন
980,বাবা,বাবা
981,স্বেদগ্রন্থি,স্বেদগ্রন্
982,কালীপুজো,কালীপুজো
983,বিন্দু,বিন্দু
984,হস্তাক্ষর,হস্তাক্ষর
985,আভা,আভা
986,এলএনজি,এলএনজির
987,সংশোধন,সংশোধন
988,গণিত,গণিত
989,কলি,কলি
990,সদরদপ্তর,সদরদপ্তর
991,ইউনিফর্ম,ইউনিফর্মড
992,চঞ্চলতা,চঞ্চলতা
993,সঙ্গী,সঙ্গী
994,ঝরনা,ঝরনা
995,কৃষ্ণ,কৃষ্ণদাস
996,ইকোল,ইকোল
997,সমুদ্রতল,সমুদ্রতল
998,গুন্ডা,গুন্ডা
999,চাকা,চাকা
1000,দুর্বিনীত,দুর্বিনীত
1001,চর্চা,চর্চা
1002,সংকোচ,সংকোচ
1003,কারণ,কারণ
1004,আহার,আহারসামগ্রীন
1005,পদক,পদক
1006,অরুণ,অরুণা
1007,শ্বাসকষ্ট,শ্বাস
1008,পত্র,পত্র
1009,স্বপ্ন,স্বপ্ন
1010,কতক্ষণ,কতক্ষণ
1011,চলচ্চিত্র,চলচ্চিত্র
1012,অর্থ,অর্থবোধ
1013,কুমির,কুমির
1014,ভোট,ভোট
1015,কারাগার,কারাগার
1016,তত্ত্ব,তত্ত্ব
1017,ফেদরভ,ফেদরভ
1018,আত্মসন্তুষ্ট,আত্মসন্তুষ্টি
1019,খোপ,খোপ
1020,ম্যাচ,খেলা
1021,আজিজ,আজিজ
1022,ফিনএয়ার,ফিনএয়ার
1023,আচরণ,আচরণ
1024,আত্মসংযম,আত্মসংযম
1025,বর্জন,বর্জন
1026,চলাচল,চলাচল
1027,জাপান,জাপানি
1028,মোয়াজ্জেম,মোয়াজ্জেম
1029,ঈগল,ঈগল
1030,আন্ডার,আন্ডার
1031,শিল্প,শিল্পকলা
1032,ওয়ার্ড,ওয়ার্ড
1033,ঢেউ,ঢেউ
1034,ভাস্কর্য,ভাস্কর্য
1035,শোয়া,শোবা
1036,বর্ধন,বর্ধনশীল
1037,প্রয়োগ,প্রয়োগ
1038,যাচাই,যাচাই
1039,পূর্ণ,পূর্ণ
1040,ইরাক,ইরাক
1041,আবদার,আবদার
1042,বাহির,বাহিরে
1043,আতিথেয়,আতিথেয়তা
1044,বিকৃত,বিকৃত
1045,পড়া,পড়া
1046,তাঁতি,তাঁতি
1047,দূরবীক্ষণ,দূরবীক্ষণ
1048,উদ্বেগ,উদ্বেগ
1049,সম্পদ,সম্পদ
1050,জনপূর্ণ,জনপূর্ণ
1051,একতরফা,একতরফা
1052,দেওয়া,দেওয়া
1053,ঝাঁপ,ঝাঁপানো
1054,তোষামোদ,তোষামোদ
1055,চাল,চাল
1056,এবছর,এবছর
1057,লক্ষ্য,লক্ষ্যবস্তু
1058,ফারহানা,ফারহানা
1059,ত্বক,ত্বক
1060,বাস্তব,বাস্তব
1061,সানফিস্ট,সানফিস্ট
1062,জন্তু,জন্তু
1063,অপবাদ,অপবাদ
1064,দেখা,দেখা
1065,গঙ্গাদীন,গঙ্গাদীন
1066,আত্মমর্যাদা,আত্মমর্যাদা
1067,পরা,পরা
1068,পূর্ব,পূর্ব
1069,অপ্রত্যাশিত,অপ্রত্যাশিত
1070,দূষণ,দূষণ
1071,শিকড়,শিকড়
1072,ছিয়াশি,ছিয়াশি
1073,শতভাগ,শতভাগ
1074,ভাঙ্গা,ভাঙ্গা
1075,প্রকোপ,প্রকোপ
1076,জেল,জেলে
1077,ফ্লোরিডা,ফ্লোরিডা
1078,ধ্বংস,ধ্বংস
1079,চারঘন্টা,চারঘন্টার
1080,নামঅন্তর,নামান্তর
1081,পড়ুয়া,পড়ুয়া
1082,অনুল্লেখ,অনুল্লেখ
1083,লাল,লাল
1084,শালি,শালি
1085,উৎপাদক,উৎপাদক
1086,মনু,মনু
1087,ঘাট,ঘাট
1088,কমে,কম
1089,অর্চনা,অর্চনা
1090,বিসমার্ক,বিসমার্ক
1091,দৃষ্টি,দৃষ্টি
1092,লুটা,লুটা
1093,আনন্দ,চরমানন্দ
1094,হৃদয়মন্দির,হৃদয়মন্দির
1095,পুর্ব,পুর্ব
1096,সিরআরএফ,সিইআরএফ
1097,অকৃতকার্য,অকৃতকার্য
1098,কালিন্দীতীর,কালিন্দী
1099,প্রতিমূর্তি,প্রতিমূর্তি
1100,ভাগনা,ভাগনা
1101,ফুপু,ফুপু
1102,অপব্যবহার,অপব্যবহার
1103,চাওয়া,চাওয়া
1104,অপ্রাপ্তবয়স্ক,অপ্রাপ্তবয়স্ক
1105,লাগা,লাগা
1106,নাবিক,নাবিক
1107,শোয়া,শোয়া
1108,সার্থক,সার্থক
1109,দুইজন,দুইজন
1110,ইওয়া,ইওয়া
1111,এজন্য,এজন্য
1112,অক্ষয়,অক্ষয়
1113,অঙ্গ,অঙ্গ
1114,অর্ণব,অর্ণব
1115,অনুচ্ছেদ,অনুচ্ছেদ
1116,পাওয়া,পাওয়া
1117,ডিন,ডিন
1118,রাষ্ট্রসংঘ,রাষ্ট্রসংঘ
1119,দেখা,দেখা
1120,অনিশ্চয়তা,অনিশ্চয়তা
1121,ইন্টারন্যাশনাল,ইন্টারন্যাশনাল
1122,রানাওয়ে,রানওয়ে
1123,বিচারপতি,বিচারপতি
1124,ভডভিল,ভডভিল
1125,গল্পসংকলন,গল্পসংকলন
1126,সন্দেহ,সন্দেহ
1127,ক্যাপিটল,ক্যাপিটল
1128,নেটওয়ার্ক,নেটওয়ার্ক
1129,বাধা,বাধা
1130,প্রতিযোগী,প্রতিযোগী
1131,প্যাকেজ,প্যাকেজ
1132,অভিনয়,অভিনয়
1133,চৈত্র,চৈত্র
1134,অন্তর,অন্তর
1135,ধরা,ধরিয়া
1136,ষষ্ঠ,ষষ্ঠ
1137,ওত্তোমান,ওত্তোমান
1138,তলা,তলা
1139,অপুনরুদ্ধার,অপুনরুদ্ধার
1140,আকর্ষন,আকর্ষণী
1141,আখের,আখের
1142,লাপ্লাস,লাপ্লাস
1143,পড়ানো,পড়া
1144,উজ্জল,উজ্জলপুর
1145,অঙ্ক,অঙ্কটি
1146,প্রচারণা,প্রচারণা
1147,বিশ্বভ্রমণ,বিশ্বভ্রমণ
1148,সামিট,সামিট
1149,দেবী,দেবী
1150,খড়,খড়
1151,মহা,মহা
1152,ইতি,ইতি
1153,ফান্ড,ফান্ড
1154,অপরাধী,অপরাধী
1155,জোহান,জোহান
1156,কোঠা,কোঠা
1157,দৌড়,দৌড়
1158,ইতিমধ্যে,ইতিমধ্যে
1159,শক্তি,শক্তিহীন
1160,উৎপীড়ন,উৎপীড়ন
1161,অচির,অচির
1162,সব,সব
1163,পয়েণ্ট,পয়েণ্টন
1164,প্রতিমা,প্রতিমা
1165,নাস্তা,নাস্তা
1166,ধরা,ধরা
1167,খনিজ,খনিজ
1168,বরফাবৃত,বরফাবৃত
1169,টাউনশিপ,টাউনশিপ
1170,কাবাব,কাবাব
1171,কি,কি
1172,চানাচুর,চানাচুর
1173,ছয়,ছয়
1174,লেখা,লেখা
1175,একসঙ্গ,একসঙ্গ
1176,যিহুদি,যিহুদি
1177,শিম্শোন,শিম্শো
1178,ব্যাহত,ব্যাহত
1179,হওয়া,হওয়া
1180,ভৌত,ভৌত
1181,আইনজীবি,আইনজীবি
1182,সিদ্দিকী,সিদ্দিকী
1183,পাওয়া,পাওয়া
1184,সাংবাদিক,সাংবাদিক
1185,চেতনা,চেতনা
1186,শেং,শেং
1187,প্রজ্ঞা,প্রজ্ঞা
1188,উত্থাপন,উত্থাপন
1189,শাখানদী,শাখানদী
1190,কবরস্থান,কবরস্থান
1191,প্রমাণ,প্রমাণ
1192,হাঁস,হাঁসা
1193,অভূত,অভূত
1194,মাঝখান,মাঝ
1195,পাঠানো,পাঠানো
1196,তরোয়াল,তরোয়াল
1197,নাহিন,নাহিন
1198,তেজপাতা,তেজপাতা
1199,হৃতগৌরব,হৃতগৌরব
1200,ক্যামপ্রুবি,ক্যামপ্রুবি
1201,আহমেদাবাদে,আহমেদাবাদ
1202,করা,করা
1203,স্নায়ু,স্নায়ু
1204,রাস্তা,রাস্তাবন্ধ
1205,নিমগ্ন,নিমগ্ন
1206,নারীমঞ্চ,নারীমঞ্চ
1207,লেখা,লেখা
1208,উদ্ভিদ,উদ্ভিদ
1209,নড়ি,নড়ি
1210,প্রধান,প্রধান
1211,আর,আরো
1212,সমুদ্র,সমুদ্রতী
1213,এডমন্ড,এডমন্ড
1214,ঘটনাস্থল,ঘটনাস্থল
1215,তথ্য,তথ্য
1216,তাড়াহুড়া,তাড়াহুড়া
1217,সয়ীদ,সয়ীদন
1218,অধ্যাদেশ,অধ্যাদেশ
1219,অর্থবছর,অর্থবছর
1220,অন্যায়,অন্যায়
1221,প্রবাহিত,প্রবাহ
1222,বাধা,বাধা
1223,জাম,জাম
1224,অঞ্চর,অঞ্চর
1225,জেনেট,জেনেট
1226,ইরাক,ইরাক
1227,আবাহনী,আবাহনী
1228,যন্ত্রপাতি,যন্ত্রপাতি
1229,কাটোয়া,কাটা
1230,অপ্সরা,অপ্সরা
1231,অতীত,অতীত
1232,কয়লা,কয়লা
1233,ফরমোসা,ফরমোসাইট
1234,চুক্তি,চুক্তি
1235,বাধা,বাধা
1236,অজানা,অজানা
1237,পর্বত,পার্বত
1238,বেদম,বেদম
1239,ধর্মান্তরিত,ধর্মান্তরিত
1240,এদন,এদন
1241,সরাসরি,সরাসরি
1242,দক্ষতা,দক্ষতাপূর্ণ
1243,কলুষতা,কলুষ
1244,পিছন,পিছন
1245,ক্ষতিকর,ক্ষতিকর
1246,কেএমডিএ,কেএমডিএ
1247,এজরা,এজরা
1248,আকর্ষণ,আকর্ষণ
1249,পুত্রঅর্থ,পুত্রার্থ
1250,হানদিয়া,হানদিয়া
1251,দক্ষিণপূর্ব,দক্ষিণপূর্ব
1252,অতিথি,অতিথি
1253,কেল্লা,কেল্লা
1254,তৃপ্ত,তৃপ্ত
1255,ইচ্ছাশক্তি,ইচ্ছাশক্তি
1256,সমুদ্র,সমুদ্র
1257,কার,কারোর
1258,বিএসসি,বিএসসি
1259,ছুড়ি,ছুড়ি
1260,ধারণ,ধারণ
1261,বালক,বালক
1262,আর্য,আর্য
1263,লোরেটো,লোরেটো
1264,লিঙ্ক,লিঙ্ক
1265,ষড়যন্ত্র,ষড়যন্ত্র
1266,রাজা,রাজা
1267,অ্যাম্বাস্যাডার,অ্যাম্বাস্যাডার
1268,আচারজীর্ণ,আচার
1269,নিহিলো,নিহিলো
1270,বলিভা,বলিভার
1271,সাবেক,সাবেক
1272,লক্ষ্য,লক্ষ্য
1273,করা,করা
1274,উপক্রম,উপক্রম
1275,বাঁচা,বাঁচা
1276,কাশ্মীর,কাশ্মীর
1277,কাশ্মীর,কাশ্মীর
1278,পাটাতন,পাটাতন
1279,খতিয়ান,খতিয়ান
1280,হস্তগত,হস্তগত
1281,নয়,না
1282,ফল,ফল
1283,সেদেশ,সেদেশ
1284,বার্ধক্য,বার্ধক্য
1285,উপাধি,উপাধি
1286,মানোদারা,মানোদা
1287,অপরাধ,অপরাধ
1288,মন্দ,মন্দ
1289,সাক্ষাত,সাক্ষাত
1290,বায়োলজি,বায়োলজি
1291,প্রাচুর্য,প্রাচুর্য
1292,কিরগিজস্তান,কিরগিজস্তান
1293,ভাষা,ভাষা
1294,চাপানো,চাপানো
1295,সুগম্য,সুগম্য
1296,শত্রুরক্তঅঙ্কন,শত্রু
1297,স্নেহ,স্নেহ
1298,ওয়ার্কিং,ওয়ার্কিং
1299,সাধারণ,অসাধারণ
1300,মসৃণ,মসৃণ
1301,কোরিওলেনাস,কোরিওলেনাস
1302,উঠান,উঠান
1303,রাজকুমার,রাজকুমার
1304,সিংহল,সিংহলসিংহ
1305,ট্রিবিউটিভ্,ট্রিবিউটিভ্
1306,দাড়ানো,দাড়ানো
1307,কুরআন,কুরআন
1308,আদেশ,আদেশ
1309,করা,করা
1310,পরম,পরা
1311,বাক্য,বাক্য
1312,অন্ধত্ব,অন্ধত্ব
1313,কালটিভেশন,কালটিভেশন
1314,বিদ্যুৎ,বিদ্যুৎকেন্দ্র
1315,লংঘন,লংঘন
1316,কয়লা,কয়লা
1317,বসা,বসা
1318,সিএডি,সিএডি
1319,প্রদান,প্রদান
1320,ছুয়া,ছুয়া
1321,নাচ,নাচ
1322,অবমাননা,অবমাননা
1323,শেখা,শেখা
1324,ভুট্টা,ভুট্টানো
1325,তুর্কী,তুর্কী
1326,প্রয়োজন,প্রয়োজন
1327,চর,চর
1328,পৃষ্ঠপোষক,পৃষ্ঠপোষকতা
1329,আবহসংগীত,আবহসংগীত
1330,আইডিয়াল,আইডিয়াল
1331,চিতাবাঘ,চিতাবাঘ
1332,গাওয়া,গাওয়া
1333,একবিন্দু,একবিন্দু
1334,উত্থাপন,উত্থাপন
1335,গণেশের,গতি
1336,করা,করা
1337,আকর্ষণ,আকর্ষণী
1338,শহীদ,শহীদ
1339,অনুষঙ্গ,অনুষঙ্গ
1340,ওলন্দাজ,ওলন্দাজভাষী
1341,বৃদ্ধি,বৃদ্ধি
1342,যুক্তি,যৌক্তিক
1343,মেরামত,মেরামত
1344,গৌহ,গৌহর
1345,মোটর,মোটর
1346,এনএসডব্লিউসি,এনএসডব্লি
1347,তাবু,তাবু
1348,পীড়ন,পীড়ন
1349,অনুশোচনা,অনুশোচনা
1350,লেজিয়ন,লেজিয়ন
1351,উত্তরাধিকার,উত্তরাধিকার
1352,সিলিন্ডার,সিলিন্ডার
1353,অপর্যাপ্ত,অপর্যাপ্ত
1354,বাস,বাস
1355,হাসপাতাল,হাসপাতালে
1356,সভ্যতা,সভ্যতা
1357,সফরকাল,সফর
1358,একই,একই
1359,বিনতি,বিনতি
1360,দোস্ত,দোস্ত
1361,অনভ্যাস,অনভ্যাস
1362,স্থাপনা,স্থাপনা
1363,সিগারেট,সিগারেট
1364,শনিবার,শনিবার
1365,ঘন,ঘন
1366,আরাধ্য,আরাধ্য
1367,এটা,এটি
1368,বাদাম,বাদাম
1369,অক্ষর,অক্ষর
1370,মেডুলা,মেডুলা
1371,ডিক্রিপশন,ডিক্রিপশন
1372,ছাড়া,ছরাব
1373,দায়ে,দায়
1374,অনুপ্রেরণা,অনুপ্রেরণা
1375,পিছন,পিছন
1376,কুকুর,কুকুর
1377,জলপাই,জলপাই
1378,কঙ্কাল,কঙ্কাল
1379,ভগিনী,ভগিনী
1380,অপরিপক্ক,অপরিপক্ক্ব
1381,এরূপ,এরূপ
1382,মগ,মগ
1383,সমগ্র,সামগ্রী
1384,চেতনা,চেতনা
1385,প্রতিষ্ঠা,প্রতিষ্ঠা
1386,স্থুল,স্থুলতা
1387,একচেঞ্জ,একচেঞ্জ
1388,ফিরোজা,ফিরোজা
1389,লড়াই,লড়াই
1390,দুনিয়া,দুনিয়া
1391,সালিম,সালিম
1392,বাঁশ,বাঁশ
1393,বসবাস,বসাবাস
1394,প্রতিপাদন,প্রতিপাদন
1395,অকার্য,অকার্য
1396,গল,গল
1397,চিতল,চিতল
1398,বাদাম,বাদাম
1399,কচুরিপানা,কচুরিপানা
1400,চিকিৎসা,চিকিৎসা
1401,হল,হওয়া
1402,স্তনযুগল,স্তনযুগল্
1403,জাঁদরেল,জাঁদরেল
1404,উন্নয়ন,উন্নয়ন
1405,সিলিনু,সিলিনু
1406,সাহিত্যশৈলী,সাহিত্যশৈলী
1407,নাৎসী,নাৎস
1408,পশু,পশু
1409,উন্নতি,উন্নতি
1410,আদায়,আদায়
1411,লোহা,লোহা
1412,দেওয়াল,দেওয়ালঘেরা
1413,আবদার,আবদার
1414,কুটির,কুটিরবাসী
1415,অবজ্ঞা,অবজ্ঞা
1416,রাবণ,রাবণ
1417,উপাচার্য,উপাচার্য
1418,দাড়,দাড়
1419,ডন,ডন
1420,তত্ত্ব,তত্ত্ব
1421,ভারত,ভারত
1422,শক্তি,শক্তি
1423,আপনি,আপনা
1424,অরাজকতা,অরাজকতা
1425,অ্যামাজন,অ্যামাজন
1426,হাঁকা,হেঁকা
1427,মই,মই
1428,বোধ,বোধগম্য
1429,বহন,বহন
1430,দাঁত,দাঁত
1431,ঝুমকা,ঝুমকা
1432,এসপি,এসপি
1433,আচরণ,আচরণ
1434,প্রতিক্রিয়া,প্রতিক্রিয়ার
1435,কাশেম,কাশেম
1436,আত্মত্যাগ,আত্মত্যাগ
1437,হিটলার,হিটলার
1438,উঠা,ওঠা
1439,ব্যামো,ব্যামো
1440,নামানো,নামা
1441,ওয়ার্ড,ওয়ার্ড
1442,ভূসম্পত্তি,ভূসম্পত্তি
1443,উদ্যান,উদ্যানগর
1444,যৌবন,যৌবন
1445,বীরাক্কোডি,বীরাক্কোডিয়া
1446,অধিকার,অধিকার
1447,উচ্চাকাঙ্ক্ষা,উচ্চাকাঙ্ক্ষা
1448,তারকাঁটা,তারকাঁটা
1449,নির্দিষ্ট,নির্দিষ্ট
1450,অভিযোগকারী,অভিযোগকারী
1451,অহংকার,অহংকার
1452,নিখুঁত,নিখুঁত
1453,কতক,কতক
1454,আপ্ত,আপ্ত
1455,নিবেদন,নিবেদন
1456,কারখানা,কারখানা
1457,মুক্তা,মুক্তা
1458,অভিনীত,অভিনীত
1459,নাচ,নাচ
1460,পর,পরে
1461,উদ্ভাবক,উদ্ভাবক
1462,কারা,কারারুদ্ধ
1463,ব্লক,ব্লক
1464,অ্যান্ড্রুজ,অ্যান্ড্রুজ
1465,ধারাবাহিক,ধারাবাহিকতা
1466,অন্যান্য,অন্যান্যবার
1467,গ্যাব্রিয়েলা,গ্যাব্রিয়েলা
1468,পৌঁছা,পৌঁছা
1469,অনুপাত,অনুপাত
1470,আনুকূল্য,আনুকূল্যপ্রাপ্ত
1471,শলোমন,শলোমন
1472,প্রস্তুত,প্রস্তুত
1473,শুভলগ্ন,শুভলগ্ন
1474,খননকার্য,খননকার্য
1475,দিন,দিন
1476,মাধ্যম,মাধ্যম
1477,সেখান,সেখানে
1478,সলোমন,সলোমন
1479,সৌধ,সৌধ
1480,বিনোদা,বিনোদার
1481,ঈশ্বর,ঈশ্বরভয়
1482,কাঞ্চন,কাঞ্চন
1483,প্রকাশনা,প্রকাশনা
1484,আক্রমণ,আক্রমণ
1485,বর্ননা,বর্ননা
1486,গম্বুজ,গম্বুজ
1487,উপকূল,উপকূলীয়
1488,আজারবাইজান,আজারবাইজান
1489,নড়ি,নড়ি
1490,রক্তচাপ,রক্তচাপ
1491,রাল্,রাল্
1492,বিচার,বিচার
1493,মন্ত্রী,মন্ত্রী
1494,ক্রীতদাস,ক্রীতদাস
1495,উত্তাপ,উত্তাপ
1496,ইজারাদার,ইজারাদার
1497,তারপর,তারপর
1498,কয়েকজন,কয়েকজন
1499,গুণগান,গুণ
1500,চুরি,চুরি
1501,গৃহ,গৃহ
1502,মেশিনগান,মেশিনগান
1503,অন্য,অন্য
1504,স্ফূরণ,স্ফূরণ
1505,অভিষিক্ত,অভিষিক্ত
1506,পেননা,পেননা
1507,তিল,তিল
1508,লাইফ,লাইফ
1509,বিজ্ঞাপন,বিজ্ঞপ্তি
1510,সক্ষম,সক্ষম
1511,মুন্না,মুন্না
1512,তোলা,তোলা
1513,রাজশাহী,রাজশাহী
1514,সহস্ররক্তকরস্পর্শ,সহস্ররক্ত
1515,নিষ্ক্রিয়,নিষ্ক্রিয়
1516,যদি,যদি
1517,নিলাম,নিলাম
1518,অবাধ,অবাধ
1519,পরা,পরা
1520,বিমোচন,বিমোচন
1521,ইস্তকাম্য,ইস্তক
1522,ল্যাপ্ল্যাণ্ড,ল্যাপ্ল্যাণ্ড
1523,অযৌক্তিক,অযৌক্তিক
1524,ধর্ষক,ধর্ষক
1525,সে,যাহা
1526,যত্ন,যত্ন
1527,পঁচিশ,পঁচিশ
1528,গমনাগমন,গমনা
1529,তরু,তরু
1530,গ্রাহক,গ্রাহক
1531,লেখা,লেখা
1532,হাই,হাই
1533,আশ্চর্য,আশ্চর্য
1534,মডারেটর,মডারেটর
1535,বাস,বাস
1536,এড়ানো,এড়ানো
1537,যাওয়া,গেছলা
1538,অকাল,অকাল
1539,খোউরি,খোউরি
1540,যীশু,যীশু
1541,জ্বারা,জ্বারাতোলা
1542,অধিরাজ্য,অধিরাজ্য
1543,ম্যারিয়ট,ম্যারিয়ট
1544,কাঁদা,কাঁদা
1545,বিমান,বিমান
1546,হিন্দুস্থান,হিন্দুস্থান
1547,মেহার,মেহার
1548,বাণিজ্য,বাণিজ্য
1549,হকার,হকার
1550,আইনজীবি,আইন
1551,গরম,গরম
1552,বিদায়,বিদায়
1553,কিউবা,কিউবা
1554,মানবজাতি,মানব
1555,বঙ্গোপসাগর,বঙ্গোপসাগর
1556,বিশালঅন্ধ্র,বিশালান্ধ্র
1557,বঙ্গদেশ,বঙ্গদেশ
1558,অনিশ্চিত,অনিশ্চিতি
1559,লিস্ট,লিস্ট
1560,নাবা,নাবাতিয়ে
1561,ঢিল,ঢিল
1562,চরকা,চরকা
1563,খোঁটা,খোঁটা
1564,চাঁদ,চাঁদ
1565,কম্বল,কম্বল
1566,পড়া,পড়া
1567,নিরস্ত্র,নিরস্ত্রীকরণ
1568,এশিয়া,এশিয়া
1569,শাসন,শাসন
1570,পিছন,পিছন
1571,টেলিভিশন,টেলিভিশন
1572,মুখ,মুখ
1573,পর্যবেক্ষণ,পর্যবেক্ষণ
1574,গাড়ি,গাড়ি
1575,গল্প,গল্প
1576,মিষ্টিমুখ,মিষ্টিমুখে
1577,টুকরা,টুকরা
1578,ডুবোজাহাজ,ডুবোজাহাজ
1579,কর্মকাণ্ড,কর্মকাণ্ড
1580,কল্যাণ,কল্যাণ
1581,চাওয়া,চাওয়া
1582,উপস্থাপন,উপস্থাপন
1583,অভিন্ন,অভিন্ন
1584,শোয়া,শোয়া
1585,অনর্থ,অনর্থ
1586,বাবা,বাবামা
1587,কুকুর,কুকুর
1588,অমত,অম
1589,একান্তরূপ,একান্ত
1590,আর,আর
1591,কুমড়া,কুমরা
1592,নদিয়া,নদিয়া
1593,ব্রাক্ষ্মণ,ব্রাক্ষ্মণ
1594,মাদ্রিদ,মাদ্রিদ
1595,প্রবাহিত,প্রবাহিত
1596,অগ্ন্যুত্পাত,অগ্ন্যুৎপাত
1597,আমদানি,আমদানি
1598,গালাতীয়,গালাতীয়
1599,পরিদর্শন,পরিদর্শন
1600,অনিয়ম,অনিয়ম
1601,ফাইভ,ফাইভ
1602,চড়া,চড়া
1603,মায়ানমার,মায়ানমার
1604,যোগফল,যোগফল
1605,যাজন,যাজন
1606,ফরীশী,ফরীশী
1607,যথেচ্ছ,যথেচ্ছ
1608,দত্ত,দত্ত
1609,অতএব,অতএব
1610,শ্যামাঘাস,শ্যামাঘাস
1611,শাক,শাক
1612,ভুটান,ভুটান
1613,জনাকীর্ণ,জনাকীর্ণতা
1614,ডিহি,ডিহি
1615,হতাশ,হতাশ
1616,গ্রামাঞ্চল,গ্রামাঞ্চল
1617,ভুট্টা,ভুট্টা
1618,নিত্য,নিত্য
1619,উষি,উষিয়ের
1620,বেহেস্ত,বেহেস্তি
1621,একনায়কতন্ত্র,একনায়কত্ব
1622,ব্যস্তসমস্ত,ব্যস্ত
1623,সারদা,সারদা
1624,মূল্য,মূল্য
1625,অনুক্রম,অনুক্রম
1626,ইস্তফা,ইস্তফা
1627,ভরসা,ভরসা
1628,ব্যক্তিত্ব,ব্যক্তিত্ব
1629,সীমানা,সীমানা
1630,খেলা,খেলা
1631,পুঙ্খানুপুক্খ,পুঙ্খানুপু
1632,কুঁদা,কুঁদা
1633,টাস্কফোর্স,টাস্কফোর্স
1634,অভিব্যক্তি,অভিব্যক্তি
1635,রাজা,রাজা
1636,অধীন,অধীন
1637,গোখরা,গোখরা
1638,কাঁঠাল,কাঁঠাল
1639,অপুষ্টি,অপুষ্টি
1640,ডাক্তার,ডাক্তার
1641,আগুন,আগুন
1642,কার্য,কার্যকারিতা
1643,ফার্মি,ফার্মি
1644,শ্রোতা,শ্রোতা
1645,পিতা,পৈতৃক
1646,উত্তর,উত্তর
1647,স্যুলিভান,স্যুলিভান
1648,অদক্ষ,অদক্ষ
1649,কস্ট,কস্ট
1650,টাইফুন,টাইফুন
1651,আদর্শ,আদর্শবাদ
1652,ওঠা,ওঠা
1653,পর্বত,পর্বত
1654,ঘৃণা,ঘৃণা
1655,অংশ,অংশ
1656,ইংরেজি,ইংরেজি
1657,চাওয়া,চাওয়া
1658,সুনন্দা,সুনন্দা
1659,গ্যারেজ,গ্যারেজ
1660,মালঞ্চ,মালঞ্চ
1661,টুয়েন্টি,টুয়েন্টিনা
1662,শুভাকাঙ্ক্ষী,শুভাকাঙ্ক্ষা
1663,রোপণ,রোপণ
1664,দশ,দশ
1665,আনা,আনা
1666,দূষণ,দূষণ
1667,পাশ,পাশা
1668,ওয়ারিয়া,ওয়ারিয়া
1669,আশীর্বাদ,আশীর্বাদ
1670,সহায়তা,সহায়তা
1671,অনির্দিষ্ট,অনির্দিষ্ট
1672,মুখোপাধ্যায়,মুখোপাধ্যায়
1673,অ্যাড্রেস,অ্যাড্রেস
1674,চট্রগ্রাম,চট্রগ্রাম
1675,লোভ,লোভ
1676,ইরি,ইরি
1677,নিবিড়,নিবিড়
1678,ভ্যারাস,ভ্যারাস
1679,ট্রলার,ট্রলার
1680,শেখা,শেখা
1681,পূর্বপুরুষ,পূর্বপুরুষ
1682,আমার,আমা
1683,কর্মবণ্টন,কর্মবণ্টন
1684,আমদানি,আমদানি
1685,মোড়,মোড়
1686,ছালা,ছালা
1687,জন্ম,জন্ম
1688,শিরা,শিরা
1689,ধানক্ষেত,ধানক্ষেত
1690,পারা,পারা
1691,মুন্সেফ,মুন্সেফ
1692,ভূতত্ত্ব,ভূতাত্ত্বিক
1693,সামান্য,সামান্য
1694,উপন্যাস,উপন্যাস
1695,সিঁড়ি,সিঁড়ি
1696,ফাইবার,ফাইবার
1697,আর্দ্রতা,আর্দ্রতা
1698,নাল,নাল
1699,দেখানো,দেখা
1700,জিহাদ,জিহাদ
1701,অর্থ,অর্থায়ন
1702,কুলা,কুলা
1703,নায়ক,নায়ক
1704,স্থলভাগ,স্থলভাগ
1705,ইশকুল,ইশকুল
1706,বেগুন,বপগুন
1707,একতারা,একতারা
1708,ম্যাকনাল,ম্যাকনাল
1709,প্রতিমা,প্রতিমা
1710,অধীরচিত্ত,অধীর
1711,দফা,দফা
1712,শিষ্টাচার,শিষ্টাচার
1713,আত্মীয়তা,আত্মীয়তা
1714,আইন,আইনসংক্রান্ত
1715,পতি,পতি
1716,কলস,কলস
1717,গ্র্যান্ড,গ্র্যান্ড
1718,অভিনেতা,অভিনেতা
1719,হ্যান্ডবল,হ্যান্ডবল
1720,আস্ফালন,আস্ফালন
1721,হাঁস,হাঁস
1722,নিউজিল্যান্ড,নিউজিল্যান্ড
1723,খালিস,খালিসি
1724,শখ,শখ
1725,গুণমান,গুণ
1726,এমনকী,এমন
1727,গুণিতক,গুণ
1728,হকার,হকার
1729,যিশু,যিশু
1730,অতল,অতল
1731,পাওয়া,পাওয়া
1732,কৃতী,কৃতী
1733,হাতি,হাতি
1734,সেন্টিমিটার,সেন্টিমিটার
1735,দুই,দুই
1736,সংগ্রহশালা,সংগ্রহশালা
1737,এক্সপোর্ট,এক্সপোর্ট
1738,কণা,কণিকা
1739,অনিশ্চয়তা,অনিশ্চয়তা
1740,অপব্যবহার,অপব্যবহার
1741,আহসান,আহসান
1742,ফাজিল,ফাজিল
1743,কর্ডোবা,কর্ডোবালি
1744,বেকন,বেকন
1745,ইশারা,ইশারা
1746,চাকুরি,চাকুরি
1747,সমন্বয়,সমন্বয়
1748,অত,অত
1749,দ্রব্য,দ্রব্য
1750,মাজহারুল,মাজহারুল
1751,টুকরা,টুকরা
1752,ব্যতিক্রম,ব্যতিক্রম
1753,নিয়ত,নিয়া
1754,মাধুরীলতা,মাধুরীলতা
1755,নগরপাল,নগরপাল
1756,গাসান,গাসান
1757,রিয়াদ,রিয়াদ
1758,অনিষ্ট,অনিষ্টাচরণ
1759,করা,করা
1760,অগ্রাধিকার,অগ্রাধিকার
1761,বাদশাহ,বাদশাহ
1762,সেহেতু,সেহেতু
1763,চাঁদ,চাঁদ
1764,আয়ত,আয়তা
1765,শয়তান,শয়তান
1766,শকুন,শকুন
1767,রিষ,রিষ
1768,জুয়া,জুয়া
1769,গলফ,গলফ
1770,পরিসর,পরিসর
1771,উলট,উলট
1772,অবৈধ,অবৈধ
1773,শিশু,শিশু
1774,আধিক্য,আধিক্য
1775,অর্চনা,অর্চনা
1776,আপিল,আপিল
1777,সর্ব,সর্ব
1778,আকাশ,আকাশগঙ্গা
1779,অন্তর,অন্তর
1780,সত্য,সত্য
1781,উদ্ধৃতি,উদ্ধৃতি
1782,শিকড়,শিকড়
1783,অর্ডিনেট,অর্ডিনেট
1784,সম্মতি,সম্মতি
1785,সার্জারি,সার্জারি
1786,বাজানো,বাজানো
1787,কাটা,কাটা
1788,দায়িত্ব,দায়িত্ব
1789,বুঝা,বুঝা
1790,নবাব,নবাব
1791,জানা,জানা
1792,হাজার,হাজার
1793,আইভরি,আইভরি
1794,সদয়,সদয়
1795,মৌল,মৌলসমূহ
1796,অভিযোগ,অভিযোগ
1797,কনিক,কনিক
1798,সমর্থক,সমর্থক
1799,বেয়নেট,বেয়নেট
1800,রাখা,রাখা
1801,উচ্চমান,উচ্চমান
1802,আধো,আধোবোল
1803,জেলা,জেলা
1804,গণ্ড,গণ্ড
1805,নিউইয়র্ক,নিউইয়র্ক
1806,পোস্টার,পোস্টা
1807,কুঁড়েঘর,কুঁড়েঘর
1808,কাঁদা,কাঁদা
1809,টেন্সর,টেন্সর
1810,অকারণ,অকারণ
1811,ট্রাক,ট্রাক
1812,যুদ্ধবন্দী,যুদ্ধবন্দী
1813,স্বর্গ,স্বর্গ
1814,খানজাহান,খানজাহান
1815,সেবর,সেবরকারি
1816,শাবল,শাবল
1817,চারিদিক,চারদিক
1818,সাধারণ,সাধারণ
1819,আশা,আশা
1820,ত্রয়োদশ,ত্রয়োদশ
1821,সীল,সীল
1822,আস্তরণ,আস্তরণ
1823,তুলি,তুলি
1824,আবশ্যক,আবশ্যক
1825,কিলোমিটার,কিলোমিটার
1826,সমাপ্ত,সমাপ্তি
1827,নবাবগঞ্জ,নবাবগঞ্জ
1828,কিংবদন্তি,কিংবদন্তি
1829,তেজপাতা,তেজপাতা
1830,অনুশোচনা,অনুশোচনা
1831,সজাগ,সজাগ
1832,ওদিক,ওদিক
1833,বাজার,বাজার
1834,অংশ,অংশ
1835,অতীত,অতীত
1836,অকাজ,অকাজ
1837,ছাদ,ছাদ
1838,বাধা,বাধা
1839,গ্রন্থাবলি,গ্রন্থাগার
1840,সেদিক,সেদিক
1841,সচিব,সচিব
1842,তরবারি,তরবারি
1843,পৌঁছা,পৌঁছা
1844,সার্ভিস,সার্ভিস
1845,লক্ষ্য,লক্ষ্য
1846,অন্তর্ভুক্তি,অন্তর্ভুক্তি
1847,গয়না,গয়না
1848,তারাবি,তারাবি
1849,ঝাঁকানো,ঝেঁকা
1850,স্ট্যানফোর্ড,স্ট্যানফোর্ড
1851,রাবার,রাবার
1852,সনদ,সনদপত্র
1853,আদা,আদা
1854,আইনশৃঙ্খল,আইনশৃঙ্খলা
1855,অটোরিকশা,অটোরিকশা
1856,অনুদান,অনুদান
1857,খেতাব,খেতাব
1858,ফল,ফল
1859,কারমা,কারমা
1860,রাখা,রাখা
1861,লড়া,লড়া
1862,খাতা,খাতা
1863,লেখা,লেখা
1864,নায়ক,নায়ক
1865,অদক্ষ,অদক্ষ
1866,শ্রিংলা,শ্রিংলা
1867,ইঞ্জেকশন,ইঞ্জেকশন
1868,ফারাওয়ার,ফারাওয়ে
1869,মতো,মতো
1870,বাজি,বাজি
1871,কর্মপরিকল্পনা,কর্মপরিকল্পনা
1872,ত্রুটি,ত্রুটি
1873,পুরু,পুরু
1874,দৃষ্টিকোণ,দৃষ্টিকোণ
1875,বাবা,বাবা
1876,অনভ্যাস,অনভ্যাস
1877,বিরতি,বিরতি
1878,মশাল,মশাল
1879,কারন,কারন
1880,কীলকাকার,কীলক
1881,লেখা,লেখা
1882,শাণ,শাণিত
1883,দেশ,দেশ
1884,রেয়েল,রানো
1885,প্রবাহ,প্রবাহ
1886,ঈসা,ঈসা
1887,অন্দর,অন্দর
1888,আঞ্চলিক,আঞ্চলিক
1889,দুর্ভিক্ষকাতর,দুর্ভিক্ষ
1890,টেসলা,টেসলার
1891,চাকু,চাকু
1892,ভাবা,ভাবা
1893,কৌশল,কৌশলতা
1894,কোড,কোড
1895,বিরত,বিরত
1896,অভিনেতা,অভিনেতা
1897,চিহ্ন,চিহ্ন
1898,উপগ্রহ,উপগ্রহ
1899,আপত,আপত
1900,রকম,রকম
1901,মা,মাদ
1902,অল্পবয়স্ক,অল্পবয়স্ক
1903,ট্রান,ট্রান
1904,শ্রোতা,শ্রোতা
1905,আগত,আগত
1906,অধিবৃত্ত,অধিবৃত্ত
1907,অনির্দিষ্ট,অনির্দিষ্টার্থ
1908,ছারখার,ছারখা
1909,ফেলা,ফেলা
1910,আবিষ্কার,আবিষ্কার
1911,ডিব্রু,ডিব্রুগড়
1912,রাজনীতি,আইন
1913,প্রস্ফুটন,প্রস্ফুটন
1914,আহরণ,আহরণ
1915,মন্ত্রিসভা,মন্ত্রিসভা
1916,করা,করা
1917,মুক্তা,মুক্তা
1918,ডেস্ক,ডেস্ক
1919,অভাগী,অভাগী
1920,করদাতাকে,করদাতা
1921,পদস্থ,পদস্থ
1922,করা,করা
1923,পেঁপে,পেঁপে
1924,উদ্ঘাটন,উদ্ঘাটন
1925,গ্রহণযোগ্য,গ্রহণযোগ্য
1926,সৃষ্টি,সৃষ্টি
1927,ঘুঘু,ঘুঘু
1928,অবিসংবাদ,অবিসংবাদ
1929,সনাতন,সনাতন
1930,জাইলেম,জাওয়া
1931,গ্রামবাসা,গ্রামবাসী
1932,সুকন্যা,সুকন্যা
1933,ও,ও
1934,লেজ,লেজ
1935,উৎকোচ,উৎকোচ
1936,জাহান,জাহান
1937,জৈগুন,জৈগুন
1938,ডাকাত,ডাকাত
1939,কঞ্চি,কঞ্চি
1940,দেবর,দেবর
1941,কাচা,কাচা
1942,প্রশাসন,প্রশাসন
1943,দাঁড়াশ,দাঁড়াশ
1944,ফর্ম,ফর্ম
1945,কাঁদা,কাঁদা
1946,আকাঙ্ক্ষা,আকাঙ্ক্ষা
1947,কাটা,কাটা
1948,রাষ্ট্রযন্ত্র,রাষ্ট্রযন্ত্র
1949,দীপ,দীপ
1950,ফাংশন,ফাংশন
1951,বস্তু,অবস্তু
1952,ভ্রষ্ট,ভ্রষ্ট
1953,যুবক,যুবক
1954,হ্যান্ডিক্যাপ,হ্যান্ডিক্যাপ
1955,কাঠগড়া,কাঠগড়া
1956,শিক্ষা,শিক্ষা
1957,অন্ধ,অন্ধদ
1958,আবুধাবী,আবুধাবী
1959,ট্র্যাক,ট্র্যাক
1960,কঠিন,কঠিন
1961,অপ্রাপ্তি,অপ্রাপ্তি
1962,সেনা,সেনা
1963,জোগানো,জোগা
1964,পুরো,পুরো
1965,উইং,উইং
1966,রেল,রেল
1967,প্রবীণ,প্রবীণ
1968,প্রস্তাব,প্রস্তাব
1969,মিডিয়া,মিডিয়া
1970,পাতা,পাতা
1971,হতভাগ্য,হতভাগ্য
1972,সারাজীবন,সারাজীবন
1973,অর্থনীতি,অর্থনীতি
1974,শ্রীনিকেতন,শ্রীনিকেতন
1975,অশোক,অশোক
1976,বাড়ানো,বাড়ানো
1977,অপর,অপরপক্ষ
1978,শয়তান,শয়তান
1979,দেখা,দেখা
1980,আবেদ,আবেদ
1981,লজ্জা,লজ্জানত
1982,মুহূর্ত,মুহূর্ত
1983,বাড়ি,বাড়িঘর
1984,শোয়া,শোয়া
1985,ইউরোপিয়ান,ইউরোপিয়ান
1986,ফোরাম,ফোরাম
1987,অন্তরালে,অন্তরালে
1988,অপঘাত,অপঘাত
1989,বিষ্ময়,বিষ্মিত
1990,ভোগা,ভোগা
1991,চিকি,চিকি
1992,অনুল্লেখ,অনুল্লেখ
1993,মুছা,মুইছা
1994,আরোগ্য,আরোগ্য
1995,প্লেস,প্লেস
1996,মেমোরিয়াল,মেমোরিয়াল
1997,শ্রমিক,শ্রমিক
1998,কার্যালয়,কার্যালয়
1999,গির্জা,গির্জা
2000,অধিকর্তা,অধিকর্তা
2001,আজ্ঞা,আজ্ঞা
2002,প্রবৃদ্ধি,প্রবৃদ্ধি
2003,আরব,আরব
2004,অক্ষর,অক্ষর
2005,ভোট,ভোট
2006,চুরাশি,চুরাশি
2007,কাটা,কাটা
2008,সৌদি,সৌদি
2009,অবরোধ,অবরোধ
2010,মুক্তিযোদ্ধা,মুক্তিযোদ্ধা
2011,উপজেলা,উপজেলা
2012,পিটার্স,পিটার্স
2013,আম্মু,আম্মু
2014,ঐকমত্য,ঐকমত্য
2015,পত্রিকা,পত্রিকা
2016,অধস্তন,অধস্তন
2017,দুনিয়া,দুনিয়া
2018,বাণীপ্রধান,বাণী
2019,ধূসর,ধূসর
2020,নিকেতন,নিকেতন
2021,চক্ষু,চক্ষু
2022,জেনারেল,জেনারেল
2023,খাওয়া,খাওয়া
2024,জোড়া,জোড়া
2025,রিলেটিভিটি,রিলেটিভিটি
2026,যাওয়া,যাওয়া
2027,নিজামত,নিজামত
2028,ফোর্স,ফোর্স
2029,একশ,একশত
2030,যায়,যাওয়া
2031,ছোটোগল্প,ছোটোগল্প
2032,বেকার,বেকার
2033,ব্যবস্থা,ব্যবস্থা
2034,বস্তু,বস্তু
2035,উত্তরাধিকার,উত্তরাধিকার
2036,যোগ্য,যোগ্য
2037,আলোচনাসভা,আলোচনাসভা
2038,কদম,কদম
2039,সাজ,সাজন
2040,পতিগৃহ,পতিগৃহ
2041,পাকানো,পাকানো
2042,পর্তুগীজ,পর্তুগীজ
2043,নিপূণ,নিপূণ
2044,সিঁড়ি,সিঁড়ি
2045,কাচা,কাচা
2046,যিহূদী,যিহূদী
2047,পলক,পলক
2048,মাধবীতলা,মাধবীতলা
2049,মানুষ,মানুষ
2050,উদাসীনতা,উদাসীনতা
2051,শাসন,শাসনামল
2052,হেলসিংকি,হেলসিংকি
2053,বাস্তব,বাস্তব
2054,শত,শত
2055,ক্ষমতা,ক্ষমতা
2056,সম্প্রদায়,সম্প্রদায়
2057,বেশি,বেশি
2058,তিনি,তিনি
2059,গহনা,গহনা
2060,চকচক,চকচক
2061,মঙ্গল,মঙ্গল
2062,পিছন,পিছন
2063,উৎসাহ,উৎসাহ
2064,তারপর,তারপর
2065,খিলাল,খিলাল
2066,করা,করা
2067,উপযোগী,উপযোগ
2068,আশা,আশা
2069,উত্তরবঙ্গ,উত্তরবঙ্গ
2070,তেজপাতা,তেজপাতা
2071,আরক্ত,আরক্ত
2072,ইংরেজি,ইংরেজি
2073,ফল,ফল
2074,জানা,জান
2075,অপসারণ,অপসারণ
2076,অংশ,অংশ
2077,ক্যারোলিন,ক্যারোলিন
2078,আহরণ,আহরণ
2079,জমা,জমা
2080,বাঁশ,বাঁশ
2081,গাঠিয়া,গাঠিয়া
2082,শেষ,শেষমেশ
2083,চাষ,চাষা
2084,সোয়াইন,সোয়াইন
2085,অগ্রগমন,অগ্রগমন
2086,হাইজাম্প্,হাইজাম্প্
2087,অনুচ্চ,অনুচ্চ
2088,বিবর্ধন,বিবর্ধন
2089,অর্থনীতি,অর্থনৈতিক
2090,কিউ,কিউ
2091,জন্মদিন,জন্মদিন
2092,দৌড়,দৌড়
2093,স্পিকার,স্পিকার
2094,চাওয়া,চাওয়া
2095,লিমিটেড,লিমিটেড
2096,হূরিয়া,হূরিয়া
2097,মইনুল,মইনুল
2098,দিল্লি,দিল্লি
2099,অভেদ,অভেদ
2100,দক্ষতা,দক্ষতা
2101,সিংহ,সিংহ
2102,সমাজকর্মী,সমাজকর্মী
2103,ভদ্র,ভদ্র
2104,কনফিগারেশন,কনফিগারেশন
2105,অনেক,অনেক
2106,অপবাদ,অপবাদ
2107,অনিষ্ট,অনিষ্টদায়ক
2108,চলা,চলা
2109,সব্জি,সব্জি
2110,হাজী,হাজী
2111,উল্লাহ,উল্লাহ
2112,মরা,মরা
2113,যোগাযোগ,যোগাযোগব্যবস্থা
2114,ইতিহাস,ইতিহাস
2115,খন্ড,খন্ডবিখন্ড
2116,ময়দান,ময়দান
2117,শহর,শহর
2118,আমোদ,আমোদ
2119,আসক্তি,আসক্তি
2120,মাদক,মাদক
2121,পরিভাষা,পরিভাষা
2122,অভিযোগ,অভিযোগ
2123,বিহার,বিহার
2124,এলাচ,এলাচ
2125,দুর্গাপুজো,দুর্গাপুজো
2126,করা,করা
2127,নিন্দা,নিন্দা
2128,ডাইনি,ডাইনি
2129,বেচা,বেচা
2130,রওয়ানা,রওয়ানা
2131,তাবলিগ,তাবলিগ
2132,লারমেনটভ,লারমেনটভ
2133,অন্যায্য,অন্যায্য
2134,আজ,আজ
2135,এরা,এরা
2136,আরোহণ,আরোহণ
2137,এলেমদার,এলেমদার
2138,আত্মদান,আত্মদান
2139,গম্বুজ,গম্বুজ
2140,আমন্ত্রণ,আমন্ত্রণ
2141,চেইবাত,চেইবা
2142,গুপ্তহত্যা,গুপ্তহত্যা
2143,এলাকা,এলাকা
2144,অভিযোগ,অভিযোগ
2145,লিথোগ্রাফি,লিথোগ্রাফি
2146,ঠেলা,ঠেলা
2147,জনপদ,জনপদ
2148,করা,করা
2149,উপঢৌকন,উপঢৌকন
2150,অপ্রস্তুত,অপ্রস্তুত
2151,কালীঘাট,কালীঘাট
2152,পাকবাহিনী,পাকবাহিনী
2153,অভিবাসন,অভিবাসন
2154,বৃষ্টিপতন,বৃষ্টিপতন
2155,মহিষ,মহিষ
2156,বম্বে,বম্বে
2157,ইউনিয়ন,ইউনিয়ন
2158,ঘটা,ঘটা
2159,নিরাপত্তা,নিরাপত্তা
2160,অপারেশন,অপারেশন
2161,ডেনভার,ডেনভার
2162,আব্দুল্লাহ,আব্দুল্লাহ
2163,অঘটন,অঘটন
2164,ম্যাপিং,ম্যাপিং
2165,গড়পড়তা,গড়পড়তা
2166,আমেরিকা,আমেরিকা
2167,বাতিল,বাতিল
2168,আর্টিজন,আর্টিজন
2169,কারচুপি,কারচুপি
2170,পূর্নাঙ্গ,পূর্নাঙ্গ
2171,হিসাব,হিসাব
2172,পানাম,পাওয়া
2173,অনাহার,অনাহার
2174,আপৎ,আপৎ
2175,গভীরভাব,গভীর
2176,ছলনা,ছলনা
2177,খটখট,খটখট
2178,অবিশ্বাস,অবিশ্বাস
2179,লেখা,লেখা
2180,পদক,পদক
2181,ভয়েসেস,ভয়েসেস
2182,ইশি,ইশি
2183,সুবাহ,সুবাহদার
2184,পাত্র্রী,পাত্র্রী
2185,দুর্ভোগ,দুর্ভোগ
2186,সৃষ্টি,সৃষ্টি
2187,কিলোবাইট,কিলোবাইট
2188,সোয়ানা,সোয়ানা
2189,দীর্ঘদিন,দীর্ঘদিন
2190,মানসিক,মানসিক
2191,বাক্স,বাক্স
2192,তোতাকাহিনী,তোতাকাহিনী
2193,অক্টোপাস,অক্টোপাস
2194,তারকাঁটা,তারকাঁটা
2195,ছুয়া,ছুয়া
2196,রম্বস,রম্বস
2197,মান্ডু,মান্ডু
2198,মেথর,মেথর
2199,সংসদ,সংসদ
2200,মরিশ,মরিশ
2201,কঠোর,কঠোর
2202,রুখসার,রুখসার
2203,অজ্ঞান,অজ্ঞান
2204,আকাশ,আকাশ
2205,বাছা,বাছা
2206,সহশিক্ষা,সহশিক্ষা
2207,ওপার,ওপার
2208,মানচিত্র,মানচিত্র
2209,কাবুস,কাবুস
2210,দাস,দাস
2211,কন্যা,কন্যা
2212,আবেদন,আবেদন
2213,পুত্রস্থান,পুত্রস্থান
2214,পারকাশন,পারকাশন
2215,প্রকৃতি,প্রকৃত
2216,এরশাদ,এরশাদ
2217,গ্লাস,গ্লাস
2218,সংখ্যা,সংখ্য
2219,রাষ্ট্রবিরোধী,রাষ্ট্রবিরোধী
2220,শরনার্থী,শরনার্থী
2221,ইরানী,ইরান
2222,কাউন্ট,কাউন্ট
2223,নাগরিক,নাগরিক
2224,অনুবিভাগ,অনুবিভাগ
2225,সুভাষচন্দ্র,সুভাষচন্দ্র
2226,দেখা,দেখা
2227,লুটোপুটি,লুটোপুটি
2228,প্রদীপ,প্রদীপ
2229,ইজরায়েলে,ইজরায়েল
2230,ব্রাইটন,ব্রাইটন
2231,রিক্সা,রিক্সা
2232,পর্য্যন্ত,পর্য্যন্তর
2233,উজাড়,উজাড়
2234,ভুট্টা,ভুট্টানো
2235,অসহায়,অসহায়
2236,পায়রা,পায়রা
2237,অদ্বৈত,অদ্বৈতবাদ
2238,মালাগান,মালাগান
2239,আবাহন,আবাহন
2240,নেওয়া,নেয়না
2241,কম্পন,কম্পনশীল
2242,থাকা,থাকা
2243,চরম,চরমভাব
2244,উপস্থাপনা,উপস্থাপনা
2245,আশ্রম,আশ্রম
2246,আপামর,আপামর
2247,মধ্য,মধ্য
2248,কোডিং,কোডিং
2249,ভাগ,ভাগ
2250,পশ্চাতে,পশ্চাতে
2251,ডিম,ডিম
2252,মহাজগত,মহাজাগতী
2253,লামী,লামী
2254,প্রভিন্স,প্রভিন্স
2255,মানা,মানা
2256,অতৃপ্ত,অতৃপ্ত
2257,দেওয়া,দেব
2258,আবদুর,আবদুর
2259,করা,করা
2260,অবকাঠামো,অবকাঠামো
2261,জানু,জানু
2262,কার্যত,কার্যত
2263,চিকিৎসাবিজ্ঞান,চিকিৎসাবিজ্ঞান
2264,পৌঁছা,পৌঁছা
2265,রাইস,রাইস
2266,প্রেমউদ্গমদৃশ্য,প্রেম
2267,অমানবিক,অমানবিক
2268,কেবিনেট,কেবিনেট
2269,কাশফুল,কাশফুল
2270,হেলমেট,হেলমেটস
2271,দীর্ঘ,দীর্ঘাকার
2272,না,ন
2273,আগ্রহ,আগ্রহী
2274,নড়া,নড়া
2275,যেমন,যেমন
2276,অংশ,অংশ
2277,চিন্তা,স্বচিন্তন
2278,কালীঘাট,কালীঘাট
2279,মন্দ,মন্দ
2280,সিগারেট,সিগারেট
2281,শাজাহান,শাজাহান
2282,ডিফল্ট,ডিফল্ট
2283,সুবাদ,সুবাদ
2284,প্রক্টরিয়াল,প্রক্টরিয়াল
2285,ঈশ্বর,ঈশ্বর
2286,টুকরো,টুকরো
2287,সম্ভাব্য,সম্ভাব্য
2288,ধরা,ধরবেনাথ
2289,প্রাঙ্গণ,প্রাঙ্গণ
2290,আসা,আসা
2291,বৃত্ত,বৃত্তাকার
2292,ঝাড়,ঝাড়ি
2293,ঘুম,ঘুম
2294,কার্য,কার্য
2295,মুহাম্মাদ,মুহাম্মাদ
2296,অসঙ্গতি,অসঙ্গতি
2297,প্রলোভন,প্রলোভন
2298,জৈবসার,জৈবসার
2299,ইউরেশিয়া,ইউরেশিয়া
2300,খিলাফত,খিলাফত
2301,ড্যাডলাইট,ড্যাডলাইট
2302,কাঁদা,কাঁদা
2303,অধ্যবসায়,অধ্যবসায়
2304,পাড়াগেঁয়ে,পাড়াগেঁয়ে
2305,আহ্বানকারী,আহ্বানকারী
2306,হালাম,হালাম
2307,আক্ষরিক,আক্ষরিক
2308,প্যাস্টেল,প্যাস্টেল
2309,নিঃসঙ্গতা,নিঃসঙ্গ
2310,উদ্ভাবন,উদ্ভাবনী
2311,আঁচড়,আঁচড়
2312,চণ্ডীমণ্ডপ,চণ্ডীমণ্ডপ
2313,ঝরঝর,ঝরঝর
2314,লেখা,লেখা
2315,অপারেশন,অপারেশন
2316,হযরত,হযরত
2317,রিকার্ডো,রিকার্ডো
2318,নবপ্রতিষ্ঠা,নবপ্রতিষ্ঠিত
2319,পরিমাপ,পরিমাপ
2320,লাল,লাল
2321,বড়,বড়
2322,খাসজমি,খাসজমিও
2323,লাগানো,লাগানো
2324,সন্ত্রাসবাদ,সন্ত্রাসবাদ
2325,কাটা,কাটা
2326,প্রথম,প্রাথমিক
2327,আচরণ,আচরণ
2328,গোবিন্দদাস,গোবিন্দ
2329,উন্মুক্ত,উন্মুক্ত
2330,মন্দ,মন্দ
2331,কণ্ঠস্বর,কণ্ঠস্বর
2332,বর্গাদার,বর্গাদার
2333,রাজু,রাজু
2334,উত্তাপ,উত্তাপ
2335,কুড়ানো,কুড়ানো
2336,পার্টস্,পার্টস্
2337,রোজা,রোজা
2338,অবগত,অবগত
2339,মূর্তি,মূর্তি
2340,অবনী,অবনী
2341,অবকাঠামো,অবকাঠামো
2342,কম,কম
2343,মেরামত,মেরামত
2344,স্তুতি,স্তুতি
2345,সংবেদন,সংবেদনশীল
2346,গবেষক,গবেষক
2347,আলিঙ্গন,আলিঙ্গন
2348,তুলনা,তুলনা
2349,মোস্তফা,মোস্তফা
2350,বাকি,বাকি
2351,খুশি,খুশি
2352,সমুদ্র,সমুদ্রসৈকত
2353,বসা,বসা
2354,রাজকন্যা,রাজকন্যা
2355,প্রস্তুত,প্রস্তুত
2356,সমালোচনা,সমালোচনা
2357,শেখা,শেখা
2358,জমিদারি,জমিদারি
2359,নদী,নদী
2360,ডাকাত,ডাকাত
2361,ব্যায়,ব্যায়বহুল
2362,অপকার,অপকার
2363,এলাহাবাদ,এলাহাবাদ
2364,জানা,জানা
2365,বদলানো,বদল
2366,আড়চোখ,আড়চোখ
2367,মিছিল,মিছিল
2368,সোমঈশ্বর,সোমেশ্বর
2369,পাট,পাট
2370,দাবাপ্নি,দাবাপ্নি
2371,প্রবণ,প্রবণ
2372,তাড়া,তাড়া
2373,বায়ুনল,বায়ুনালী
2374,ক্রান্তি,ক্রান্তি
2375,কাঁদা,কাঁদা
2376,খারিজ,খারিজ
2377,চারিবা,চার
2378,আমেজ,আমেজ
2379,বুড়ো,বুড়ো
2380,দরজা,দরজা
2381,বিধানচন্দ্র,বিধানচন্দ্র
2382,বলা,বলা
2383,অর্জুন,অর্জুন
2384,এবার,এবার
2385,সাথী,সাথী
2386,তথ্য,তথ্য
2387,ক্র্যাশনোয়ারস্ক,ক্র্যাশনোয়ারস্কি
2388,টর্নেডো,টর্নেডো
2389,লাগানো,লাগানো
2390,পুনঃ,পুনঃ
2391,করা,করা
2392,ভর্তি,ভর্তি
2393,খাটো,খাটো
2394,সুব্রত,সুব্রত
2395,শিকড়,শিকড়
2396,এক্জিফ,এক্জিফ
2397,গচিহাটা,গচিহা
2398,আড়া,আড়া
2399,গোলক,গোলক
2400,গিয়ে,যাওয়া
2401,মাইক,মাইক
2402,চুলা,চুলা
2403,খোকা,খোকা
2404,লেখা,লেখা
2405,যোগান,যোগান
2406,অন্তরীক্ষ,অন্তরীক্ষ
2407,গ্যালারি,গ্যালারি
2408,ট্যাব,ট্যাব
2409,অপারেটর,অপারেটর
2410,অগ্রহায়ণ,অগ্রহায়ণ
2411,নারভিক,নারভিক
2412,অপছন্দ,অপছন্দ
2413,কর্মশালা,কর্মশালা
2414,উচা,উচা
2415,জন্তু,জন্তু
2416,অনুসারী,অনুসারী
2417,গণনা,গণনা
2418,পৃথিবীময়,পৃথিবী
2419,এশিয়া,এশিয়া
2420,আচার,আচার
2421,উপগ্রহ,উপগ্রহ
2422,গাওয়া,গাওয়া
2423,ফাইন্যান্সিয়াল,ফাইন্যান্সিয়াল
2424,কণ্ঠ,কণ্ঠ
2425,ডায়বেটিস,ডায়বেটিস
2426,ইউয়োকু,ইউয়োকু
2427,খারিজ,খারিজ
2428,উন্মাদনা,উন্মাদনা
2429,বহুত্ববাদ,বহুত্ববাদ
2430,ব্রাজিল,ব্রাজিল
2431,জব্বলপুর,জব্বলপুর
2432,সংজ্ঞা,সংজ্ঞা
2433,ঘাড়,ঘড়
2434,উন্নয়ন,উন্নয়ন
2435,পুর,পুর
2436,পাত্র,পাত্র
2437,উন্মোচন,উন্মোচন
2438,অগ্রিম,অগ্রিম
2439,অন্ধবিশ্বাস,অন্ধবিশ্বাস
2440,এমি,এমি
2441,চড়া,চড়া
2442,সাধন,সাধন
2443,অ্যাক্টিভিস্টার,অ্যাক্টিভিস্টার
2444,খেলা,খেলা
2445,হাঁস,হাঁস
2446,ভাল্লাদোলিদ,ভাল্লাদোলিদেব
2447,অপারেটর,অপারেটর
2448,আংটা,আংটা
2449,ফেব্রুয়ারি,ফেব্রুয়ারি
2450,সংঘটন,সংঘটন
2451,মুদ্রন,মুদ্রা
2452,পাদরি,পাদরি
2453,রুম,রুম
2454,যৌবন,যৌবন
2455,শিক্ষাদান,শিক্ষাদান
2456,দূর্ঘটনা,দূর্ঘটনা
2457,অনুশীলনী,অনুশীলনী
2458,সর্বত্র,সর্বত্র
2459,বিদ্রোহী,বিদ্রোহী
2460,নির্যাতন,নির্যাতিত
2461,কালো,কালো
2462,ব্রোজ,ব্রোজ
2463,শেখা,শেখা
2464,ইস্পাত,ইস্পাত
2465,আশ্বিন,আশ্বিন
2466,গম্বুজ,গম্বুজ
2467,ডাবল,ডাবল
2468,সামি,সামির
2469,শালি,শালি
2470,কাছিম,কাছিম
2471,হুয়াংবোর,হুয়াংবোর
2472,নামাঙ্কন,নামাঙ্কণ
2473,রানি,রানি
2474,ভাবুক,ভাবুক
2475,বিপারমাণবিক,বিপারমাণবিকরণ
2476,ছোঁয়া,ছোঁই
2477,চিরকাল,চির
2478,দেখা,দেখা
2479,রাউ,রাউ
2480,নদী,নদী
2481,বাইরে,বাইরে
2482,তাঁতি,তাঁতি
2483,সর্বেপল্লী,সর্বেপল্লী
2484,হ্যানো,হ্যালো
2485,মন্ত্রনালয়,মন্ত্রনালয়
2486,ভেতর,ভেতর
2487,ভার্জিন,ভার্জিন
2488,দেওয়া,দেওয়া
2489,নেওয়া,নেওয়া
2490,দর্শক,দর্শক
2491,গবেষণা,গবেষণা
2492,বানানো,বানাল
2493,উভয়,উভয়
2494,ডিম,ডিম
2495,কসাই,কসাই
2496,শরীর,শরীর
2497,বহিষ্কার,বহিষ্কার
2498,অনুরাগ,অনুরাগ
2499,নকশাচিত্র,নকশাচিত্র
2500,মাৎসন্যা,মাৎসন্যায়
2501,গার্লস,গার্লস
2502,কর্তন,কর্তন
2503,বালিশ,বালিশ
2504,একদিন,একদিন
2505,হেড,হেড
2506,কাঁদা,কাঁদা
2507,খাগড়াছড়ি,খাগড়াছড়ি
2508,হাস্য,হাস্য
2509,নাম,নাম
2510,ইউকো,ইউকো
2511,পরিস্থিতি,পরিস্থিতি
2512,নেদারল্যান্ড,নেদারল্যান্ড
2513,এতদিন,এতদিন
2514,উদ্দাম,উদ্দাম
2515,মিলন,মিলন
2516,কোনোকাল,কোনোকাল
2517,নিম্নশাখা,নিম্নশাখা
2518,অধ্যায়,অধ্যায়
2519,সতর্ক,সতর্ক
2520,পথ,পথ
2521,একজন,একজন
2522,বাদাম,বাদাম
2523,উদ্ভাস,উদ্ভাস
2524,জ্বালা,জ্বালাম
2525,উপশ্রেণী,উপশ্রেণী
2526,বিচার,বিচার
2527,বেহায়া,বেহায়া
2528,ছারখার,ছারখার
2529,কাতরতা,কাতরতা
2530,প্রতারণা,প্রতারিত
2531,বোম,বোম
2532,ধনিচা,ধনিচা
2533,কোনোমত,কোনোমত
2534,কোনো,কোনো
2535,কর্দমাক্ত,কর্দমাক্ত
2536,ঘটা,ঘটা
2537,ওদিক,ওদিক
2538,অশ্লীল,অশ্লীল
2539,বাটী,বাটী
2540,ইস্তাম্বুল,ইস্তাম্বুল
2541,অনিয়ম,অনিয়মত
2542,বলা,বলা
2543,উপযোগিতা,উপযোগিতা
2544,পাকিস্তান,পাকিস্তান
2545,ধবল,ধবল
2546,মণিপুর,মণিপুরী
2547,আশ্বাস,আশ্বাস
2548,লেনসি,লেনসি
2549,বিষয়,বিষয়
2550,যাওয়া,যাওয়া
2551,কালভার্ট,কালভার্ট
2552,নবম,নবম
2553,অক্ষর,অক্ষর
2554,পঞ্জিকা,পঞ্জিকা
2555,রে,রে
2556,অনুমান,অনুমান
2557,সেজন্য,সেইজন্য
2558,এলাকা,এলাকা
2559,ব্যথিত,ব্যথা
2560,নির্বাপণ,নির্বাপিত
2561,সংগঠন,সংগঠন
2562,বাহরাইন,বাহরাইনি
2563,চুড়ি,চুড়ি
2564,মন্ত্রী,মন্ত্রী
2565,উস্তাদ,উস্তাদ
2566,লটকা,লটকা
2567,নিষ্পেষণ,নিষ্পেষণ
2568,বনগাঁ,বনগাঁও
2569,মেট্রোপলিটান,মেট্রোপলিটান
2570,কর্মী,কর্মী
2571,কিন্তু,কিন্তু
2572,ফর্সা,ফর্সা
2573,জুতা,জুতা
2574,ঘাত,ঘাত
2575,মহাভাগা,মহাভাগা
2576,ধার্য,ধার্য
2577,অঙ্কন,অঙ্কন
2578,উত্তরাংশ,উত্তরাংশ
2579,ইউনিয়ন,ইউনিয়ন
2580,অপসারণ,অপসারণ
2581,কৃতিত্ব,কৃতিত্ব
2582,উপলব্ধি,উপলব্ধি
2583,অপচেষ্টা,অপচেষ্টা
2584,রোবট,রোবট
2585,অব্দ,অব্দ
2586,নির্ঝরিনী,নির্ঝরিনী
2587,রাজবাড়ি,রাজবাড়ি
2588,ফিজিক্স,ফিজিক্স
2589,আদ্য,আদ্য
2590,উড্ডয়ন,উড্ডয়ন
2591,বাঁচা,বাঁচানো
2592,শিকড়,শিকড়
2593,ঘর,ঘর
2594,আশুর,আশু
2595,মেগা,মেগা
2596,সেনসিটিভ,সেনসিটিভ
2597,অর্পণ,অর্পণ
2598,উপকণ্ঠ,উপকণ্ঠ
2599,জানা,জানা
2600,আস্ফালন,আস্ফালন
2601,প্লেন,প্লেন
2602,থাকা,থাকা
2603,মানবতাবোধ,মানবতাবোধ
2604,রাঁচি,রাঁচি
2605,পৃথিবী,পৃথিবী
2606,কর্মকর্তা,কর্মকর্তা
2607,স্টল,স্টল
2608,কুয়ালালামপুর,কুয়ালালামপুর
2609,কাটা,কাটা
2610,চত্বর,চত্বর
2611,অপকীর্তি,অপকীর্তি
2612,ক্ষেত্র,ক্ষেত্র
2613,প্রতিদ্বন্দ্বি,প্রতিদ্বন্দ্বিতা
2614,উন্নয়ন,উন্নয়ন
2615,ওহ্,ওহ্
2616,অন্তর্বাস,অন্তর্বাস
2617,নরম,নরম
2618,আলোচনা,আলোচনা
2619,হরিদাসপুর,হরিদাসপুর
2620,অবসাদ,অবসাদ
2621,দুষ্টু,দুষ্টু
2622,অবরোধ,অবরোধ
2623,অনুকূল,অনুকূল
2624,বড়াই,বড়াই
2625,তিনি,তিনি
2626,কবুল,কবুল
2627,ফেব্রুয়ারী,ফেব্রুয়ারী
2628,প্ররোচনা,প্ররোচনা
2629,বিজ্ঞাপন,বিজ্ঞাপন
2630,কোথা,কোথা
2631,মন্দ,মন্দা
2632,গাওয়া,গাওয়া
2633,প্রার্থনা,প্রার্থনা
2634,টাইম,টাইম
2635,নির্দেশনা,নির্দেশনা
2636,ডেট,ডেট
2637,সার্ফেস,সার্ফেস
2638,টিকাদার,টিকাদার
2639,ইসলামী,ইসলামীকরণ
2640,আকুল,আকুল
2641,কাঞ্চন,কাঞ্চন
2642,ইন্ডিয়া,ইন্ডিয়া
2643,হরিপাদপদ্ম,হরিপাদপদ্ম
2644,অকর্ম,অকর্ম
2645,আবিষ্কার,আবিষ্কার
2646,পশ্চিম,পশ্চিম
2647,অববাহিকা,অববাহিকা
2648,অভাব,অভাব
2649,কাত,কাতর
2650,আকাশ,আকাশ
2651,পায়জামা,পায়জামা
2652,সিংহাসন,সিংহাসন
2653,স্যার,স্যার
2654,চাচি,চাচি
2655,লোকসভা,লোকসভা
2656,সিরাজুল,সিরাজুল
2657,অনুবাদ,অনুবাদ
2658,যাওয়া,যাওয়া
2659,দমন,দমন
2660,একাকিত্ব,একাকিত্ব
2661,খাঁড়,খাঁড়
2662,চৌকাঠ,চৌকাঠন
2663,দেড়শ,দেড়শোভাতি
2664,কপিরা,কপিরাইট
2665,নাকছাবি,নাকছাবি
2666,কিলোওয়ার,কিলোওয়াট
2667,ব্যাবহার,ব্যাবহৃত
2668,পার্থক্য,পার্থক্য
2669,ফিল্ড,ফিল্ড
2670,লেখা,লেখা
2671,ঘটিকা,ঘটিকা
2672,গোহাড়,গোহাড়
2673,বিরুদ্ধ,পক্ষ
2674,নিশ্চিত,নিশ্চিত
2675,চড়া,চড়িল
2676,দ্রুতপদে,দ্রুতপদ
2677,মঙ্গলা,মঙ্গলা
2678,কষ্টিপাথর,কষ্টিপাথর
2679,অন্দর,অন্দর
2680,বিয়ে,বিয়ে
2681,তুলনা,তুলনা
2682,সরব,সরব
2683,জাত,জাতীয়তা
2684,ধমক,ধমক
2685,ঊনিশ,ঊনিশ
2686,প্রফুল্ল,প্রফুল্ল
2687,অধ্যবসায়,অধ্যবসায়
2688,ধমক,ধমক
2689,পদক,পদক
2690,উত্তরাখন্ড,উত্তরাখণ্ড
2691,সঙ্গ,সঙ্গী
2692,দেখা,দেখা
2693,মেলা,মেলা
2694,কাঁদা,কাঁদা
2695,যেভাবে,যেভাবে
2696,তিল,তিল
2697,মেনন,মেনন
2698,যাওয়া,যাওয়া
2699,ডিস্ক,ডিস্ক
2700,কোনক্রমে,কোনওক্রমে
2701,পশু,পশু
2702,আত্মনিবেদন,আত্মনিবেদন
2703,শতঅংশ,শতাংশ
2704,সাগ্রহ,সাগ্রহ
2705,সিথিয়েন,সিথিয়েন
2706,কাফন,কাফনমোড়া
2707,অগ্রজ,অগ্রজ
2708,দ্বন্দ্ব,দ্বন্দ্ব
2709,আলেকজান্ডার,আলেকজান্ডার
2710,চক্রান্ত,চক্রান্ত
2711,কর্মকান্ড,কর্মকান্ড
2712,বীর,বীর
2713,লোকজন,লোকজন
2714,অংশ,অংশ
2715,দান্ত,দান্ত
2716,উদ্ধৃতাংশ,উদ্ধৃতাংশ
2717,যন্ত্র,যন্ত্রচালক
2718,ভালোবাসা,ভালোবাসা
2719,একা,একাকীত্ব
2720,বর্ধন,বর্ধন
2721,হাড়িডোম,হাড়িডোম
2722,আদল,আদল
2723,পেয়ালা,পেয়ালা
2724,অসন্তোষ,অসন্তোষ
2725,শাস্ত্র,শাস্ত্র
2726,শিশ্ন,শিশ্ন
2727,অধিবেশন,অধিবেশন
2728,চীরতর,চীরতর
2729,অপমৃত্যু,অপমৃত্যু
2730,যাওয়া,যাওয়া
2731,রাম,রামম
2732,ধনেশ,ধনেশ
2733,মন্দ,মন্দাবস্থা
2734,একনেক,একনেক
2735,চলা,চলা
2736,দত্তক,দত্তক
2737,প্রেম,প্রেম
2738,বয়সী,বয়স
2739,লাঞ্চন,লাঞ্চন
2740,শবেবরাত,শবেবরাত
2741,আলোকসজ্জা,আলোকসজ্জা
2742,অবতরণ,অবতরণ
2743,চ্যাম্পিয়ন,চ্যাম্পিয়ন
2744,হয়,হওয়া
2745,যথা,যথা
2746,ত্যাগ,ত্যাগ
2747,পিঠা,পিঠা
2748,কাঁদা,কাঁদা
2749,তোলা,তোলা
2750,বসা,বসা
2751,পাশ,পাশা
2752,চুয়াডাঙ্গা,চুয়াডাঙ্গা
2753,গাওয়া,গাওয়া
2754,করা,করা
2755,বার্থহোল্ডস,বার্থহোল্ডস
2756,গিয়ে,যাওয়া
2757,কারদোসো,কারদোসোভা
2758,দুধ,দুধ
2759,আলোড়ন,আলোড়ন
2760,সে,তাহা
2761,অসমীয়া,অসমীয়া
2762,হাততোলা,হাততোলা
2763,দালান,দালানকোঠা
2764,কাচা,কাচা
2765,সংযোগ,সংযোগ
2766,সার্গ,সার্গ
2767,পারা,পারা
2768,সেট,সেট
2769,তীর,তীরবর্তী
2770,দাওয়া,দেওয়া
2771,অপমান,অপমান
2772,উন্মোচন,উন্মোচন
2773,মারা,মারা
2774,দেয়াল,দেয়াল
2775,অগ্নিসংযোগ,অগ্নিসংযোগ
2776,ষড়যন্ত্র,ষড়যন্ত্র
2777,তাৎপর্য,তাৎপর্যপূর্ণ
2778,উপসংহার,উপসংহার
2779,মুলতবি,মুলতবি
2780,পাশ,আশপাশ
2781,উদ্যম,উদ্যম
2782,ক্যারল,ক্যারল
2783,লিঙ্গ,লিঙ্গভুক্ত
2784,পর্যটনকেন্দ্র,পর্যটনকেন্দ্র
2785,খনন,খনন
2786,এয়ারপোর্ট,এয়ারপোর্ট
2787,মহমেডান,মহমেডান
2788,ধোঁয়া,ধোঁয়া
2789,ভুল,ভুল
2790,আগে,আগ
2791,সুষম,সুষম
2792,অদলবদল,অদলবদল
2793,মহলা,মহলা
2794,যত্ন,সযত্ন
2795,ট্যামার,ট্যামা
2796,ধারণ,ধারণ
2797,পেজ,পেজ
2798,এএম,এএম
2799,ষাট,ষাটোর্ধ
2800,ভ্রমন,ভ্রমন
2801,ভিত্তি,ভিত্তি
2802,উচ্চতা,উচ্চতা
2803,আস্তিন,আস্তিন
2804,আহমেদ,আহমেদ
2805,ঐতিহাসিক,ঐতিহাসিক
2806,গভর্নর,গভর্নর
2807,অলস,অলস
2808,আবেদনপত্র,আবেদনপত্র
2809,উদ্ভাবক,উদ্ভাবক
2810,আইডেন্টিটি,আইডেন্টিটি
2811,খাওয়া,খাওয়া
2812,ক্রুদ্ধ,ক্রুদ্ধ
2813,আওতা,আওতাধীন
2814,পক্ষ,পক্ষ
2815,খাঁড়,খাঁড়
2816,মানচিত্র,মানচিত্র
2817,হুঁশিয়ার,হুঁশিয়ার
2818,বিশ,বিশক
2819,আক্রোশ,আক্রোশবশ
2820,রড,রড
2821,খেলা,খেলা
2822,দেবআলয়,দেবালয়
2823,গজল,গজল
2824,প্রশ্ন,প্রশ্ন
2825,বিপ্লব,বৈপ্লবিক
2826,পরাক্রম,পরাক্রম
2827,হেক্টর,হেক্টর
2828,ইউনিয়ন,ইউনিয়ন
2829,সংস্করণ,সংস্করণ
2830,চিত্র,চিত্র
2831,বরগুনা,বরগুনা
2832,টুপ,টুপ
2833,সয়াবিন,সয়াবিন
2834,আইনসংগত,আইনসংগত
2835,অভদ্র,অভদ্র
2836,বিশ্লেষক,বিশ্লেষক
2837,শুকানো,শুকা
2838,বোঝো,বোঝা
2839,বাস্তবতা,বাস্তবতা
2840,রঙ,রংনাম
2841,নামা,নামা
2842,শোক,শোক
2843,স্ট্রিমিং,স্ট্রিমিং
2844,লাক,লাক
2845,চলা,চলা
2846,ছায়া,ছায়া
2847,ভিন্ন,ভিন্ন
2848,এখতিয়ার,এখতিয়ার
2849,হরিহর,হরিহর
2850,নগর,নগর
2851,নিতান্ত,নিতান্ত
2852,ধরণ,ধরণ
2853,পার্টি,পার্টি
2854,পড়া,পড়া
2855,কাঁদা,কাঁদা
2856,মশারি,মশারি
2857,অনাদি,অনাদি
2858,চরমপন্থা,চরমপন্থা
2859,ইউনিভার্স,ইউনিভার্সাল
2860,ছড়ানো,ছড়ানো
2861,শালপাতা,শাল
2862,বৃহস্পতি,বৃহস্পতি
2863,ভূতল,ভূতল
2864,আহ্বায়ক,আহ্বায়ক
2865,নারী,নারী
2866,অনুষ্ঠান,অনুষ্ঠান
2867,অশ্রুবাহী,অশ্রুবাহী
2868,আন্তঃক্লাব,আন্তঃক্লাব
2869,যদি,যদি
2870,এলাকা,এলাকা
2871,বর্ণাশ্রম,বর্ণাশ্রম
2872,হারা,হারানো
2873,ব্যাটালিয়ন,ব্যাটালিয়ন
2874,বুয়েট,বুয়েট
2875,ঘনত্ব,ঘনত্ব
2876,ঘুড়ি,ঘুড়ি
2877,দেখাসাক্ষাৎ,দেখাসাক্ষাৎ
2878,অকৌশল,অকৌশল
2879,অকুণ্ঠ,অকুণ্ঠ
2880,উপভাষা,উপভাষা
2881,পারদারিক,পারদারিকতা
2882,নীলাভ,নীলাভ
2883,বৈঠক,বৈঠক
2884,অক্ষাংশ,অক্ষাংশ
2885,সন্ন্যাসী,সন্ন্যাস
2886,অংক,অংক
2887,বিল্ডিং,বিল্ডিং
2888,পাটকল,পাটকল
2889,অত্যাবশ্যক,অত্যাবশ্যক
2890,গঠন,গঠন
2891,অগ্রগমন,অগ্রগমন
2892,বন্ধন,বন্ধনী
2893,মত,মতো
2894,মূল,মূলত
2895,উচ্চাকাঙ্ক্ষা,উচ্চাকাঙ্ক্ষা
2896,ঘড়িয়াল,ঘড়িয়াল
2897,কাচ,কাচ
2898,চমৎকার,চমৎকার
2899,করা,করা
2900,বিরিয়ানি,বিরতি
2901,মণি,মণি
2902,জীবন,জীবন
2903,লক্ষ্মী,লক্ষ্মী
2904,সম্পর্ক,সম্পর্ক
2905,পাটিগণিত,পাটিগণিত
2906,ট্যাঙ্কারস,ট্যাঙ্কারস
2907,চালাক,চালানো
2908,চলা,চলা
2909,সুইডেন,সুইডেন
2910,ঘটি,ঘটিরা
2911,লোক,লোক
2912,টি,টির
2913,লাগানো,লাগানো
2914,মন্ত্রীপরিষদ,মন্ত্রীপরিষদ
2915,কাটা,কাটা
2916,পড়া,পড়া
2917,পিশাচ,পিশাচ
2918,নাম্বার,নাম্বার
2919,যোগ্য,যোগ্য
2920,জরিত,জড়ানো
2921,কক্ষ,কক্ষ
2922,মুক্তিযোদ্ধা,মুক্তিযোদ্ধা
2923,অনেক,অনেক
2924,আলিরুক,আলিরুক
2925,যুদ্ধক্ষেত্র,যুদ্ধক্ষেত্র
2926,খুকী,খুকী
2927,মন্ত্রণালয়,মন্ত্রণালয়
2928,আনন্দলোক,আনন্দ
2929,একর,এক
2930,ডিজাইন,ডিজাইন
2931,গ্রামসভা,গ্রামসভা
2932,পেরেক,পেরেক
2933,হওয়া,হওয়া
2934,পৌঁছা,পৌঁছল
2935,দ্বিতীয়,দ্বিতীয়
2936,গুরুভায়ু,গুরুভায়ু
2937,বছর,বছর
2938,সাম,সাম
2939,অধ্যাপক,অধ্যাপক
2940,কেন্দ্র,কেন্দ্র
2941,বিম্,বিম্
2942,দেখা,দেখা
2943,চিত্রলৈখিক,চিত্র
2944,উরুগুয়ে,উরুগুয়ে
2945,অনুভূমি,আনুভূমিকিক
2946,প্রকৃয়া,প্রকৃয়া
2947,মাদ্রাজ,মাদ্রাজ
2948,ইহা,ইহা
2949,আবেগময়,আবেগ
2950,লভাব,লভাব
2951,ইট,ইটিট
2952,খুঁতখুঁত,খুঁতখুঁত
2953,বিভাগ,বিভাগ
2954,বাণী,বাণী
2955,পরিণয়,পরিণয়সূত্র
2956,আসন,আসন
2957,অভিভূত,অভিভূত
2958,মহারাষ্ট্র,মহারাষ্ট্র
2959,আয়োজন,আয়োজন
2960,অশুদ্ধ,অশুদ্ধ
2961,শালি,শালি
2962,ধরা,ধরাছোঁয়া
2963,মনিটারি,মনিটারি
2964,মেঘআচ্ছন্ন,মেঘ
2965,রক্ত,রক্ত
2966,আসা,আসা
2967,গ্রাস,গ্রাস
2968,লড়া,লড়া
2969,খোশগল্প,খোশগল্প
2970,তাবু,তাবুক
2971,ঘেঁষা,ঘেঁষে
2972,তামাশা,তামাশা
2973,প্রলোভন,প্রলোভন
2974,দখল,দখল
2975,আত্মনির্ভর,আত্মনির্ভরশীল
2976,উচ্চারণ,উচ্চারণ
2977,মুশফিকুর,মুশফিকুর
2978,পিছন,পিছন
2979,ঊর্ধ্ব,ঊর্ধ্ব
2980,পৃথক,পৃথক
2981,অসামঞ্জস্য,অসামঞ্জস্য
2982,কারণ,কারণ
2983,একাংশ,একাংশ
2984,কাটা,কাটা
2985,যিহোয়াদা,যিহোয়াদা
2986,মাপ,মাপ
2987,লাভ,লাভ
2988,পুরোহিতঠাকুর,পুরুতঠাকুর
2989,অনুশীলনী,অনুশীলনী
2990,হর্স,হর্স
2991,ইনস্পেকশন,ইনস্পেকশন
2992,সত্য,সত্য
2993,অবিসংবাদ,অবিসংবাদ
2994,রোটেশন,রোটেশন
2995,সংখ্যা,সংখ্যা
2996,সমাজ,সমাজ
2997,পদ্দা,পদ্দা
2998,অভিনব,অভিনব
2999,আসা,এলেন
3000,ট্রাইব্যুনাল,ট্রাইব্যুনালেড
3001,টব,টব
3002,আইপিএল,আইপিএল
3003,পাওয়া,পাওয়া
3004,ডাকা,ডাকা
3005,অনাড়ম্বর,অনাড়াম্বর
3006,চট্টোপাধ্যায়,চট্টোপাধ্যায়
3007,সাধারন,সাধারন
3008,রেমন,রেমন
3009,স্কটল্যান্ড,স্কটল্যান্ড
3010,ক্লাবঘর,ক্লাবঘর
3011,আলোড়ন,আলোড়ন
3012,চুক্তি,চুক্তি
3013,অন্তর্দ্বন্দ্ব,অন্তর্দ্বন্দ্ব
3014,চণ্ডীগড়,চণ্ডীগড়
3015,মুসলিম,মুসলিম
3016,উদ্ধৃতি,উদ্ধৃতি
3017,ব্যভিচার,ব্যভিচার
3018,ইলেকট্রন,ইলেকট্রন
3019,গুলো,গুলি
3020,পলাশি,পলাশি
3021,বিক্রয়,বিক্রি
3022,ডাক,ডাকা
3023,অপারেটর,অপারেটর
3024,কর্তৃত্ব,কর্তৃত্ব
3025,সুহৃদ,সুহৃদভাব
3026,যোদ্ধা,যোদ্ধা
3027,আপাতত,আপাত
3028,মহাসাগর,মহাসাগর
3029,সংস্করণ,সংস্করণ
3030,কাটা,কাটা
3031,অদৃষ্ট,অদৃষ্টলিপি
3032,ইংলিশ,ইংলিশ
3033,হ্যামিলটন,হ্যামিলটন
3034,ধর্ম,ধর্ম
3035,গুণমুগ্ধ,গুণ
3036,অবস্থান,অবস্থান
3037,উঠা,ওঠা
3038,ফয়সালা,ফয়সালা
3039,এদিক,এদিক
3040,ওবায়দুল,ওবায়দুল
3041,কুমড়া,কুমড়া
3042,টগর,টগর
3043,বেকার,বেকারত্ব
3044,পীড়া,পীড়াপীড়ি
3045,শ্বেতপদ্ম,শ্বেতপদ্ম
3046,বর্বর,বর্বরোচনা
3047,মিত,মিত
3048,হওয়া,হওয়া
3049,সমুন্নত,সমুন্নত
3050,নিয়ন্ত্রন,নিয়ন্ত্রন
3051,সেন্টিগ্রেড,সেন্টিগ্রেড
3052,শ্রম,শ্রম
3053,ছাত্রছাত্রী,ছাত্রছাত্রী
3054,ব্যবহার,ব্যবহার
3055,তুমি,তুমি
3056,মৎস্যজীবীকা,মৎস্যজীবী
3057,জাল,জাল
3058,নিবন্ধাবলি,নিবন্ধ
3059,বঞ্চনা,বঞ্চনা
3060,কাচা,কাচা
3061,বলা,বলা
3062,অনেক,অনেক
3063,শরীর,শরীর
3064,সঠিক,সঠিকডোজ
3065,বোঝা,বোঝা
3066,জন্মদিন,জন্মদিন
3067,তাল,তাল
3068,পাড়,পাড়
3069,চক্ষু,চক্ষুসুল
3070,অগোপন,অগোপনীয়
3071,হকিম,হাকিম
3072,এলাকা,এলাকা
3073,কষাকষি,কষাকষি
3074,নাইজার,নাইজার
3075,লেবু,লেবু
3076,লম্ব,লম্বন
3077,নিজ,নিজ
3078,কিছ,কিছ
3079,প্রশিক্ষণ,প্রশিক্ষণ
3080,অনুচর,অনুচর
3081,সাহিত্যিক,সাহিত্যিক
3082,উজানি,উজানি
3083,কর্মচারী,কর্মচারী
3084,ফকির,ফকির
3085,রাখা,রাখা
3086,সংখ্যা,সংখ্যা
3087,নিয়োগসমূহ,নিয়োগ
3088,দর্পহরণ,দর্পহরণ
3089,ও,ওই
3090,অগাস্টিন,অগাস্টিন
3091,আমেরিকা,আমেরিকা
3092,মাঠ,মাঠ
3093,পেয়ারা,পেয়ারা
3094,দ্বায়িত্ব,দ্বায়িত্ব
3095,জমি,জমি
3096,কৌপীন,কৌপীনতা
3097,শাড়ি,শাড়ি
3098,আত্মীয়,আত্মীয়স্বজন
3099,একশ,একশ
3100,বাছুর,বাছুর
3101,আধিক্য,আধিক্য
3102,জ্বলা,জ্বলা
3103,ইন্দ্রিয়দমন,ইন্দ্রিয়দমন
3104,টাকি,টাকি
3105,পেজ,পেজ
3106,আলু,আলু
3107,সব,সব
3108,বিশুদ্ধ,বিশুদ্ধ
3109,গণ,গণ
3110,মেটানো,মেটানো
3111,রবার্ট,রবার্ট
3112,পদ্ধতি,পদ্ধতি
3113,আভাস,আভা
3114,সংকেত,সংকেত
3115,পাঠক,পাঠিকা
3116,কাটা,কাটা
3117,অনুপ্রবেশ,অনুপ্রবেশ
3118,পার,পেরো
3119,নাড়া,নাড়া
3120,মর্ত্যদেবতা,মর্ত্যদেবতা
3121,বাগ,বাগ
3122,মনাস্টেরি,মনাস্টেরি
3123,প্রচ্ছদ,প্রচ্ছদ
3124,অনুসারী,অনুসারী
3125,সমস্যা,সমস্যা
3126,হুন্ডি,হুন্ডি
3127,কফ,কফে
3128,উঠা,ওঠা
3129,পুস্তক,পুস্তক
3130,আম্বিয়া,আম্বিয়া
3131,উদাসীনতা,উদাসীনতা
3132,পুনরুজ্জীবন,পুনরুজ্জী
3133,গতি,গতি
3134,আকুল,আকুল
3135,দেওয়াললিখন,দেওয়াললিখন
3136,মেডিক্যাল,মেডিক্যাল
3137,স্পেস,স্পেস
3138,ডিসেম্বর,ডিসেম্বর
3139,কালী,কালী
3140,সেসব,সেসব
3141,ছেলেবেলা,ছেলেবেলা
3142,ডাক,ডাক
3143,শয্যা,শয্যা
3144,ছত্রাক,ছত্রাক
3145,শব্দ,শব্দ
3146,অনুকল্প,অনুকল্প
3147,কড়াই,কড়াই
3148,অগভীর,অগভীর
3149,সাহাবী,সাহাবী
3150,পড়া,পড়া
3151,সকল,সকল
3152,ঢাকা,ঢাকা
3153,কৃষক,কৃষক
3154,মহাজোট,মহাজোট
3155,কমিক,কমিক
3156,মোল্লা,মোল্লা
3157,কবরস্থান,কবরস্থান
3158,ছাপ,ছাপানো
3159,দেওয়া,দেওয়া
3160,অনুমিত,অনুমিত
3161,যামিনী,যামিনী
3162,সেকাল,সেকাল
3163,অধিক,অধিকন্তু
3164,অশুভ,অশুভ
3165,উদ্ধৃতি,উদ্ধৃতি
3166,জানা,জানা
3167,শারীরবিদ্যা,শারীরবিদ্যা
3168,উপযোগিতা,উপযোগিতা
3169,বিধান,বিধান
3170,বিশ্বকোষ,বিশ্বকোষ
3171,অপকার,অপকার
3172,অপভ্রংশ,অপভ্রংশ
3173,কেন্দ্র,কেন্দ্র
3174,কলেজ,কলেজ
3175,ইন্ডিয়ান,ইন্ডিয়ান
3176,ছট্ফট,ছট্ফটিয়ে
3177,গার্ডিয়া,গার্ডিয়া
3178,কোর্ট,কোর্ট
3179,চলা,চলা
3180,আখড়া,আখড়া
3181,অবস্থা,অবস্থা
3182,প্রখ্যাত,প্রখ্যাত
3183,মারা,মারা
3184,মেঘনাদবধ,মেঘ
3185,সন্ধ্যাবেলা,সন্ধ্যাবেলা
3186,জ্যোতিপ্রসাদ,জ্যোতিপ্রসাদ
3187,হ্যাম্পস্টেড,হ্যাম্পস্টেড
3188,মৌলিকনীতি,মৌলিকনীতি
3189,গর্ভধারণ,গর্ভধারণী
3190,বিভ্রম,বিভ্রমণ
3191,স্বাধীন,স্বাধীন
3192,হল্লা,হল্লা
3193,সত্য,সত্য
3194,ঠিকানা,ঠিকানা
3195,লাগানো,লাগানো
3196,বিবরণ,বিবরণ
3197,কুষ্ঠী,কুষ্ঠীদিগ
3198,দেওয়া,দেওয়া
3199,গোল্ডেন,গোল্ডেন
3200,এনআইএমটি,এনআইএমটি
3201,অজুহাত,অজুহাত
3202,মেহেদিপত্তন,মেহেদিপত্তনম
3203,স্বতন্ত্র,স্বতন্ত্র
3204,অত্যাচার,অত্যাচার
3205,স্মরণ,স্মরণার্থ
3206,জাজিরা,জাজিরা
3207,অনুমান,অনুমান
3208,অনুমতি,অনুমতি
3209,গণতন্ত্র,গণতন্ত্র
3210,নিয়োগ,নিয়োগপ্রদানকারী
3211,আঙিনা,আঙিনা
3212,ভিস্কাইভস,ভিস্কাইভস
3213,ট্রেডিং,ট্রেডিং
3214,আমরা,আমি
3215,পাকা,পাকা
3216,দাদা,দাদা
3217,স্থাপত্য,স্থাপত্য
3218,গর্ভধারণ,গর্ভধারণ
3219,শতাব্দ,শতাব্দি
3220,উপন্যাস,উপন্যাস
3221,সার্চলাইট,সার্চলাইট
3222,সাসেক্স,সাসেক্স
3223,খামচি,খামচি
3224,শনাক্ত,শনাক্তকরণ
3225,ভাবি,ভাবি
3226,নির্যাতন,নির্যাতন
3227,খাপ,খাপ
3228,ডেমোক্র্যাটিক,ডেমোক্র্যাটিক
3229,উত্কৃষ্ট,উত্কৃষ্ট
3230,গর্ব,গর্ব
3231,বিপদ,বিপদ
3232,কানলিফ,কানলিফ
3233,ক্ষুধা,ক্ষুধা
3234,টেস্ট,টেস্ট
3235,প্রাতঃ,প্রাতে
3236,অবচেতন,অবচেতন
3237,অভিনব,অভিনব
3238,জাতীয়,জাতীয়
3239,যাওয়া,যাওয়া
3240,অভিজাত,অভিজাত
3241,বিদেশে,বিদেশে
3242,জমা,জমান
3243,ইছামতি,ইছামতি
3244,অন্ততপক্ষে,অন্ততপক্ষে
3245,শেষপর্ব,শেষপর্ব
3246,পড়া,পড়া
3247,জুতা,জুতার
3248,পাকা,পেক
3249,হওয়া,হওয়া
3250,অগ্রসর,অগ্রসর
3251,কেউটে,কেউ
3252,সংকেত,সাংকেতিক
3253,গর্দভ,গর্দভ
3254,আবদুল,আবদুল
3255,স্টেশন,স্টেশন
3256,যানবাহন,যানবাহন
3257,ইতি,ইতি
3258,সেক্স,সেক্সটিং
3259,ডোকোমো,ডোকোমো
3260,বসু,বসু
3261,ওঝা,ওঝা
3262,পুনর্নবীকরণ,পুনর্নবীকরণ
3263,অন্তঃপুর,অন্তঃপুর
3264,শাসন,শাসন
3265,উদ্ধার,উদ্ধার
3266,নাট্যজগত,নাট্যজগ
3267,আখ,আখ
3268,আদব,আদব
3269,মামলা,মামলা
3270,বিধান,বিধান
3271,অ্যাকাউন্ট,অ্যাকাউন্ট
3272,কাটা,কাটা
3273,বুনো,বুনো
3274,বসা,বসা
3275,আমার,আমি
3276,সিনেমা,সিনেমা
3277,শোনা,শোনা
3278,মিশানো,মেশা
3279,প্রথম,প্রথম
3280,পুষ্টকলেবর,পুষ্টকলেবর
3281,অন্তর্নিহিত,অন্তর্নিহিত
3282,ধুলা,ধুলা
3283,অবতরণ,অবতরণ
3284,ডেকামিটার,ডেকামিটার
3285,ঠাকুরমা,ঠাকুরমা
3286,এর,এর
3287,বানর,বানর
3288,আফ্রিকান,আফ্রিকান
3289,জেড,জেড
3290,পড়ুয়া,পড়ুয়া
3291,তুম,তুম
3292,রংধনু,রংধনু
3293,নিচ,নিচেরদিক
3294,সংকট,সংকট
3295,খালেদ,খালে
3296,গামছা,গামছা
3297,উদ্যোগ,উদ্যোগ
3298,বিভিন্ন,বিভিন্ন
3299,এযাবৎ,এযাবৎকাল
3300,মহাকাশ,মহাকাশ
3301,কাঁদা,কাঁদা
3302,রোবট,রোবট
3303,বুড়,বুড়
3304,ভাবুক,ভাবুক
3305,বন,বন
3306,আর্নেস্ট,আর্নেস্ট
3307,বকেয়া,বকেয়া
3308,বিশেষ,বিশেষ
3309,কদাচিৎ,কদাচিৎসন
3310,উত্কর্ষ,উত্কর্ষ
3311,মিউনিসিপ্যাল,মিউনিসিপ্যাল
3312,মারধোর,মারধোর
3313,গণআন্দোলন,গণআন্দোলন
3314,চকিত,চকিত
3315,বোঝা,বুঝা
3316,ফেল,ফেলা
3317,যেগুলো,যেগুলো
3318,রাখা,রাখা
3319,আনমন,আনমন
3320,কর্তা,কর্তা
3321,সার্জন,সার্জন
3322,মিশ্র,মিশ্রন
3323,তীত,তীত
3324,যথা,অযথা
3325,লেখক,লেখক
3326,মূল,মূলত
3327,সন্তান,সন্তান
3328,জিহাদ,জিহাদ
3329,ছড়ানো,ছড়ানো
3330,কমিট,কমিট
3331,হিংস্র,হিংস্র
3332,তিনি,তিনি
3333,আনন্দ,আনন্দ
3334,জেলে,জেলে
3335,ক্যমেরা,ক্যমেরা
3336,অরণ্য,অরণ্য
3337,আয়তন,আয়তন
3338,ছাড়পত্র,ছাড়পত্র
3339,সাতারা,সাতা
3340,ফিক্টি,ফিক্টি
3341,আত্মীয়সন্দর্শন,আত্মীয়সন্দর্জন
3342,কাজকর্ম,কাজকর্ম
3343,আদায়,আদায়
3344,বীর্যপাত,বীর্যপাত
3345,ডাবল,ডাবল
3346,মূর্তিতত্ত্ব,মূর্তিতত্ত্ব
3347,বনছায়া,বনারা
3348,কাজিম,কাজিম
3349,অপব্যবহার,অপব্যবহার
3350,জোরদার,জোরদার
3351,উন্মোচন,উন্মোচন
3352,কিডনি,কিডনি
3353,মুক্তিযোদ্ধা,মুক্তিযোদ্ধা
3354,অধিকাংশ,অধিকাংশ
3355,লক্ষণ,লক্ষণ
3356,আংটি,আংটি
3357,অবিনাশ,অবিনাশ
3358,পুণর্গঠনকাল,পুণর্গঠন
3359,থিঙ্কিং,থিঙ্কিং
3360,হরিচিন্তা,হরিচিন্তা
3361,খেজুর,খেজুর
3362,মুম্বাই,মুম্বাই
3363,আঞ্চলিক,আঞ্চলিক
3364,এদের,এ
3365,অফিস,অফিসকক্ষ
3366,আরইবি,আরইবি
3367,প্রশ্ন,প্রশ্ন
3368,জনপদ,জনপদ
3369,অন্ধকার,অন্ধকার
3370,প্রাথী,প্রাথী
3371,শত্রু,শত্রু
3372,ধনসম্পদ,ধনসম্পদ
3373,রাখা,রাখা
3374,টিপ,টিপ
3375,বিল্ডিং,বিল্ডিং
3376,প্লাবিত,প্লাবিত
3377,আটা,আটা
3378,ফার্নো,ফার্নো
3379,ওধার,ওধার
3380,আত্মপ্রকাশ,আত্মপ্রকাশ
3381,প্রত্যেক,প্রত্যেক
3382,মুরগি,মুরগি
3383,যথা,যথা
3384,বাবামা,বাবামা
3385,জাসদ,জাসদ
3386,ক্ষমা,ক্ষমা
3387,রোমানা,রোমানা
3388,অলিগলি,অলিগলি
3389,ত্রিবেণী,ত্রিবেণী
3390,এদিক,এদিক
3391,ঠান্ডা,ঠান্ডা
3392,বাণিজ্য,বাণিজ্য
3393,বশিতা,বশিতা
3394,ছটফট,ছটফট
3395,অনবধান,অনবধান
3396,বেকারী,বেকারী
3397,লঞ্চ,লঞ্চ
3398,সাক্ষী,সাক্ষী
3399,বৈজ্ঞানিক,বিজ্ঞান
3400,জন্মাষ্টমী,জন্ম
3401,চওড়া,চওড়া
3402,বাধা,বাধা
3403,একই,এক
3404,দেব,দেবোত্তর
3405,আগে,আগ
3406,আ্যন,আ্যন
3407,জীবন্ত,জীবন্ত
3408,রাজদণ্ড,রাজদণ্ড
3409,যাকাত,যাকাত
3410,দেখা,দেখা
3411,লেখা,লেখা
3412,বয়াম,বয়াম
3413,বায়ু,বায়ুম
3414,গ্রন্থাগার,গ্রন্থাগার
3415,অনুশীলন,অনুশীলন
3416,সিগন্যালক,সিগন্যাল
3417,জরিত,জড়ানো
3418,মদনপল্লী,মদনপল্লী
3419,থাই,থাই
3420,অই,অই
3421,অমিত,অমিত
3422,গুলদাস্তা,গুলদাস্তা
3423,অরিন্দম,অরিন্দম
3424,আমড়া,আমড়া
3425,শহীদ,শহীদ
3426,কঙ্কর,কঙ্কর
3427,এরপর,এরপর
3428,জাতি,জাতি
3429,গণ্ডার,গণ্ডার
3430,গান্ধী,গান্ধী
3431,হাটিংটন,হাটিংটন
3432,অথেন্টিকেশন,অথেন্টিকেশন
3433,জাফর,জাফর
3434,রুপান্তর,রুপান্তরিক
3435,অকাল,অকাল
3436,অভিবাদন,অভিবাদন
3437,কোম্পানী,কোম্পানী
3438,গোথাম,গোথাম
3439,ধরা,ধরা
3440,বয়েজ,বয়েজ
3441,উপাদান,উপাদান
3442,অধিবর্ষ,অধিবর্ষ
3443,পারমাণবিক,পারমাণবিক
3444,পাকা,পাকা
3445,ছলছল,ছলছল
3446,বিস্ময়,বিস্ময়কর
3447,পড়া,পড়া
3448,কুরুক্ষেত্র,কুরু
3449,আনুপাতিক,আনুপাতিক
3450,গন্তব্য,গন্তব্য
3451,আবেদন,আবেদনকারী
3452,কফিন,কফিন
3453,অদম্য,অদম্য
3454,খাঁচা,খাঁচা
3455,আখড়া,আখড়া
3456,উদযাপন,উদযাপন
3457,দুগ্ধ,দুগ্ধ
3458,ধোঁয়া,ধোঁয়া
3459,হোগারস,হোগারস
3460,তরুণ,তরুণ
3461,ঘোরা,ঘুর
3462,রাখাল,রাখাল
3463,দৌড়,দৌড়
3464,জাহাজ,জাহাজ
3465,কপাল,কপাল
3466,গম্ভীর,গম্ভীর
3467,কাকাবাবু,কাকাবাবু
3468,বিচারবহির্ভূত,বিচার
3469,খায়েশ,খায়েশ
3470,ভিতরকার,ভিতর
3471,করা,করা
3472,অবিচার,অবিচার
3473,করা,করা
3474,রোপন,রোপন
3475,হোয়াইট,হোয়াইট
3476,বাম,বাম
3477,দোষ,দোষ
3478,ধাঁধা,ধাঁধা
3479,পৌঁছা,পৌঁছা
3480,ব্যভিচারী,ব্যভিচার
3481,হাজী,হাজী
3482,স্পোর্টস,স্পোর্টস
3483,আসামি,আসামি
3484,স্বাস্থ্য,স্বাস্থ্য
3485,সাম্রাজ্য,সাম্রাজ্য
3486,শিলাইদহ,শিলাইদহ
3487,স্পিরিট,স্পিরিট
3488,শাস্তি,শাস্তি
3489,দরকার,দরকার
3490,তলদেশে,তলদেশে
3491,অম্ল,অম্ল
3492,আখড়া,আখড়া
3493,ভাগনা,ভাগন
3494,মিলিমিটার,মিলিমিটার
3495,সফর,সফরসঙ্গী
3496,যাদব,যাদব
3497,অবগুণ্ঠন,অবগুণ্ঠন
3498,দগ্ধ,দগ্ধ
3499,শরীফ,শরীফ
3500,হটা,হটানো
3501,বিশ্বাসঘাতক,বিশ্বাসঘাতক
3502,মাতাল,মাতাল
3503,আয়াত,আয়াত
3504,কাছ,কাছে
3505,দেশ,দেশ
3506,অন্যায়,অন্যায়
3507,উত্তরাধিকারী,উত্তরাধিকারী
3508,হুমকি,হুমকি
3509,ক্রেসেন্ট,ক্রেসেন্ট
3510,করমর্দন,করমর্দন
3511,কাচা,কাচা
3512,দূতাবাস,দূতাবাস
3513,নাচা,নাচ
3514,নেটওয়ার্ক,নেটওয়ার্ক
3515,মাঠ,মাঠ
3516,কিংবদন্তি,কিংবদন্তি
3517,রাজনীতি,রাজনীতি
3518,ভোদাফোন,ভোদাফোন
3519,লাহোর,লাহোর
3520,অ্যামাজন,অ্যামাজন
3521,নিরপেক্ষ,নিরপেক্ষতা
3522,আধুনিকা,আধুনিকা
3523,পুঁটে,পুঁটা
3524,পলাশ,পলাশ
3525,আলোকপাত,আলোকপাত
3526,করা,করা
3527,গণক,গণ
3528,রোদ,রোদ
3529,চড়া,চড়া
3530,লেজ,লেজ
3531,আস্ত,আস্ত
3532,নভোরজ,নভোরজ
3533,ক্লাইভ,ক্লাইভ
3534,সমাজব্যবস্থা,সমাজব্যবস্থা
3535,ছায়া,ছড়া
3536,টেক্সটাইল,টেক্সটাইল
3537,মহিষ,মহিষখোলা
3538,দক্ষিন,দক্ষিন
3539,সহমরণ,সহমরণ
3540,রস,রস
3541,ক্যালকুল্যাস,ক্যালকুল্যাস
3542,দেওয়া,দেওয়া
3543,পুলিশ,পুলিশ
3544,লোট,লোটা
3545,হকিম,হকিম
3546,বন্দুকযুদ্ধ,বন্দুকযুদ্ধে
3547,জট,জটি
3548,চালক,চালেকর
3549,প্যারেট,প্যারেট
3550,কখন,কখনো
3551,রেনো,রেনো
3552,বাগান,বাগান
3553,অনুশীলনী,অনুশীলন
3554,পূর্ভাবাস,পূর্ভাবাস
3555,সাজ,সাজা
3556,পশ্চাৎপদ,পশ্চাৎপদতা
3557,প্রতিপক্ষ,প্রতিপক্ষ
3558,যুদ্ধ,যুদ্ধ
3559,ময়দা,ময়দা
3560,বেসরকারী,বেসরকারী
3561,কদম,কদম
3562,কফরনাহূম,কফরনাহূম
3563,উকিল,ওকালতি
3564,সৈয়দ,সৈয়দ
3565,বিভেদ,বিভেদ
3566,নয়,নয়
3567,মাত্র,মাত্র
3568,সিন্ধ,সিন্ধ
3569,দুইজন,দুইজন
3570,তাফসির,তাফসির
3571,সরা,সরা
3572,উত্থাপন,উত্থাপন
3573,হটা,হটানো
3574,উদর,উদরপূর্তি
3575,আইসিইউ,আইসিইউ
3576,ঋদ্ধ,ঋদ্ধশালী
3577,মিলান,মিলান
3578,ফারহান,ফারহান
3579,গৃহ,গৃহ
3580,উপাসন,উপাসন
3581,লেখা,নিম্নে
3582,শুনানি,শুনানি
3583,টোরবেন,টোরি
3584,শিশু,শৈশব
3585,নম,নম
3586,ডিজিটাল,ডিজিটাল
3587,কাবাডি,কাবাডি
3588,এডিবি,এডিবি
3589,জাত,জাতীয়তাবাদ
3590,অর্ঘ্য,অর্ঘ্য
3591,আত্মপ্রচার,আত্মপ্রচারণা
3592,পশ্চিমখণ্ড,পশ্চিমখণ্ড
3593,তুঙ্গ,তুঙ্গ
3594,মুক্তা,মুক্তা
3595,মুখ্যমন্ত্রী,মুখ্যমন্ত্রী
3596,আমিষ,আমিষ
3597,পিছন,পিছন
3598,চর্বি,চর্বি
3599,অবিচ্ছিন্ন,অবিচ্ছিন্ন
3600,সাগর,সাগর
3601,বন্দীশালা,বন্দী
3602,গড়,গড়
3603,বহুমূল্য,বহুমূল্য
3604,ম্যাপ,ম্যাপ
3605,মনোক্সাইড,মনোক্সাইড
3606,খরচ,খরচ
3607,কৃষ্নমাচারী,কৃষ্নমাচারী
3608,অভিযুক্ত,অভিযুক্ত
3609,নিন্দক,নিন্দক
3610,ব্যাকগ্রাউন্ড,ব্যাকগ্রাউন্ড
3611,অনুক্রম,অনুক্রম
3612,অন্তর্মুখী,অন্তর্মুখী
3613,আশীর্বাদ,আশীর্বাদ
3614,রিভাস,রিভাস
3615,বিলুপ্তি,বিলুপ্ত
3616,চিংড়ি,চিংড়ি
3617,সংস্থা,সংস্থা
3618,নৌকাবাইচ,নৌকাবাইচ
3619,ঘৃণা,ঘৃণা
3620,মৃদুভাব,মৃদু
3621,পার্বত্যাঞ্চল,পার্বত্যাঞ্চল
3622,উপস্থাপন,উপস্থাপনা
3623,বন্ধু,বন্ধু
3624,অন্যান্য,অন্যান্য
3625,সর্বউপেক্ষা,সর্বাপেক্ষা
3626,তরুতল,তরু
3627,ফাঁকি,ফাঁকি
3628,গ্রাম,গ্রাম
3629,অক্টোপাস,অক্টোপাস
3630,আড়াল,আড়াল
3631,দ্বিপাক্ষিক,দ্বিপাক্ষিক
3632,জলসা,জলসার
3633,প্রোটোকল,প্রোটোকল
3634,ডিউটি,ডিউ
3635,তিনি,তিনি
3636,ধাতু,ধাতু
3637,পাবলিক,পাবলিক
3638,বিপ্লব,বিপ্লবী
3639,উল্কাপিণ্ড,উল্কাপিণ্ড
3640,একাশিয়া,একাশিয়া
3641,দ্যোতক,দ্যোতক
3642,দংশক,দংশক
3643,কিছু,কয়েক
3644,পথ,পথ
3645,অনুভব,অনুভব
3646,শ্রান্ত,শ্রান্ত
3647,আত্মসমর্পণ,আত্মসমর্পণ
3648,বলা,বলা
3649,ভেরীবাদক,ভেরীবাদ
3650,হুম,হুমম
3651,অবজ্ঞা,অবজ্ঞা
3652,আগমন,আগমন
3653,আসা,আসা
3654,স্ত্রীলোক,স্ত্রীলোক
3655,মজঃফরপুর,মজঃফরপুর
3656,আবাস,আবাস
3657,দূরদর্শন,দূরদর্শন
3658,ইমাম,ইমাম
3659,দেওয়া,দেওনা
3660,লাগানো,লাগা
3661,পাকসেনা,পাকসেনা
3662,বারাসত,বারাসত
3663,অদৃশ্য,অদৃশ্য
3664,প্রতিদ্বন্দ্বি,প্রতিদ্বন্দ্বিতা
3665,নৃত্যনাট্য,নৃত্যনাট্য
3666,দৌড়,দৌড়
3667,আশ্চর্য,আশ্চর্য
3668,বিন্দু,বিন্দুমাত্র
3669,সংখ্যা,সংখ্যা
3670,অনীহা,অনীহা
3671,ভাগ,ভাগ
3672,উত্ত্যক্ত,উত্ত্যক্ত
3673,অনুকরণ,অনুকরণ
3674,কাচা,কাচা
3675,কনভেনশন,কনভেনশন
3676,আমিনুল,আমিনুল
3677,সতর্ক,সতর্ক
3678,পৃথ্বী,পৃথ্বী
3679,প্রত্যায়ণ,প্রত্যাবর্তন
3680,আগোরা,আগোনা
3681,মূহুর্ত,মূহুর্ত
3682,বুট,বুট
3683,শাস্ত্রজ্ঞ,শাস্ত্রজ্ঞ
3684,উদ্ধৃতাংশ,উদ্ধৃতাংশ
3685,তুরঙ্গম,তুরঙ্গম
3686,কসাল,কসাল
3687,হংকং,হংকং
3688,উপধারা,উপধারা
3689,আক্রমণ,আক্রমণ
3690,মজুরি,মজুরি
3691,অধোগতি,অধোগতি
3692,সাড়া,সাড়াদান
3693,গাঁথা,গাঁথা
3694,প্রশ্ন,প্রশ্নবিদ্ধ
3695,ব্যুরো,ব্যুরোর
3696,একটানা,একটানা
3697,বক,বক
3698,পরিচ্ছেদ,পরিচ্ছেদ
3699,আহ্বানকারী,আহ্বানকারী
3700,হওয়া,হওয়া
3701,মেশিন,মেশিন
3702,দাঁড়া,দাঁড়া
3703,মনোযোগ,মনোযোগ
3704,উত্থান,উত্থান
3705,খিলগাঁও,খিলগাঁও
3706,কয়েকজন,কয়েকজন
3707,ঠোঁট,ঠোঁট
3708,শোনা,শোনা
3709,মিয়া,মিয়া
3710,যেটা,যে
3711,বিতৃষ্ণ,বিতৃষ্ণ
3712,সময়কার,সময়
3713,যোদ্ধা,যোদ্ধার
3714,লগ্ন,লগ্নী
3715,ব্রাজিল,ব্রাজিল
3716,চির,চির
3717,সহজতর,সহজ
3718,সকাল,সকাল
3719,রেখাপাত,রেখাপাত
3720,স্বাদপ্রাপ্ত,আস্বাদ
3721,জিলাপি,জিলাপি
3722,জীবাণু,জীবাণু
3723,দ্রব্যমূল্য,দ্রব্যমূল্য
3724,কত,কত
3725,জিজ্ঞেস,জিজ্ঞাস
3726,দিকপাল,দিকপাল
3727,স্থল,স্থল
3728,অবিশ্বাসী,অবিশ্বাস
3729,জাতি,জাতি
3730,খসরু,খসরু
3731,পরিশ্রম,পরিশ্রম
3732,আর,আরও
3733,ন্যাটো,ন্যাটো
3734,সোফি,সোফি
3735,আহ্বান,আহ্বান
3736,পিটারকি,পিটারকি
3737,আহমদ,আহমদ
3738,কান,কনা
3739,ফ্লোরিডা,ফ্লোরিডা
3740,বিধাননগর,বিধাননগর
3741,দ্বিগুণ,দ্বিগুণ
3742,চুরি,চুরি
3743,বিক্ষেপন,বিক্ষেপন
3744,শেষ,শেষ
3745,মুজাফফর,মুজাফরপুর
3746,অনুশাসন,অনুশাসন
3747,পৃথক,পৃথক
3748,ভাববিনিময়,ভাববিনিময়
3749,তৎকাল,তৎকাল
3750,আনলাইন,আনলাইন
3751,কাটা,কাটা
3752,কে,কে
3753,অর্থনীতি,অর্থনীতি
3754,ঝুলা,ঝুলা
3755,দাহ,দাহন
3756,বাঁধানো,বাঁধা
3757,অর্ধাবৃত,অর্ধাবৃত
3758,জুয়া,জুয়া
3759,ধ্বংস,ধ্বংস
3760,কণ্ঠস্বর,কণ্ঠস্বর
3761,তোলা,তোলা
3762,সম্মেলন,সম্মেলন
3763,বনরক্ষা,বনরক্ষী
3764,ব্যবস্থাচিত্ত,অব্যবস্থা
3765,স্বেদগ্রন্থি,স্বেদগ্রন্
3766,কাবাব,কাবাব
3767,জামরুল,জামরুল
3768,খনি,খনি
3769,দৈবসত্ত্বা,দৈবসত্ত্বা
3770,ছাত্র,ছাত্র
3771,সতের,সত
3772,অবনত,অবনতি
3773,বিশ্বাসঘাতক,বিশ্বাসঘাতক
3774,শিক্ষক,শিক্ষক
3775,ওয়ার্কসপ,ওয়ার্কসপ
3776,কোটামুক্ত,কোটা
3777,রূপ,রূপ
3778,কণ্ঠ,কণ্ঠ
3779,আস্তে,আস্ত
3780,বইমেলা,বইমেলা
3781,হান্নান,হান্নান
3782,সচিবালয়,সচিবালয়
3783,আবদার,আবদার
3784,সদস্য,সদস্য
3785,শেষ,শেষ
3786,সম্পর্ক,সম্পর্ক
3787,মাজা,মাজি
3788,হটা,হটলো
3789,সুসমাচার,সুসমাচার
3790,ভাবা,ভাবা
3791,উন্নত,উন্নত
3792,শামুক,শামুক
3793,ঢালাই,ঢালাই
3794,সংখ্যা,সংখ্যা
3795,ম্যাচ,ম্যাচ
3796,অগ্রভাগ,অগ্রভাগ
3797,পত্নী,পত্নী
3798,কারাবন্দী,কারাবন্দী
3799,একনায়কতন্ত্র,একনায়কতান্ত্রিক
3800,বাজানো,বাজানো
3801,লেখা,লেখা
3802,আটক,আটক
3803,কাটা,কাটা
3804,বলিউড,বলিউড
3805,অনুবিভাগ,অনুবিভাগ
3806,ওয়েব্রিজ,ওয়েব্রিজ
3807,উত্সর্গ,উত্সর্গ
3808,ফেলা,ফেলা
3809,চিকিৎসা,চিকিৎসা
3810,নাচ,নাচ
3811,সৈন্যদল,সৈন্য
3812,মালামাল,মালামাল
3813,আবছায়া,আবছায়া
3814,পুরুষ,পুরুষ
3815,লিয়াকত,লিয়াকত
3816,রিচার্ড্স,রিচার্ড্স
3817,কশাঘাত,কশাঘাত
3818,বিভাগ,বিভাগ
3819,সোঝা,সুঝানো
3820,বিশ্বস্ত,বিশ্বস্ত
3821,অনুতাপ,অনুতাপ
3822,ক্ষিপ্রতা,ক্ষিপ্রতা
3823,বৈদিক,বৈদিক
3824,তাল,তাল
3825,কোর্স,কোর্স
3826,কর্পূর,কর্পূর
3827,রিলিজিয়াসক্লজে,রিলিজিয়াসক্ল
3828,পদ্য,পদ্য
3829,শরৎকাল,শরৎকাল
3830,লুইচ্চার,লুইচ্চা
3831,মুহুর্মুহু,মুহুর্মুহুর্ত
3832,অযত্ন,অযত্ন
3833,অভিঘাত,অভিঘাত
3834,বিতরন,বিতরন
3835,রওয়া,আছে
3836,ইন্দেরার,ইন্দেরা
3837,অর্ধতল,অর্ধতল
3838,এনবিআর,এনবিআর
3839,করা,করা
3840,এতদূর,এতদূর
3841,কাচা,কাচা
3842,প্রেম,প্রেম
3843,অন্ধত্ব,অন্ধত্ব
3844,অনুশীলন,অনুশীলন
3845,ডেস্কটপ,ডেস্কটপ
3846,বৈদ্যনাথতলা,বৈদ্যনাথ
3847,অপবাদ,অপবাদ
3848,ইন্ডিয়ান,ইন্ডিয়ান
3849,অভদ্র,অভদ্র
3850,উপভোগ,উপভোগ
3851,লেখা,লেখা
3852,সে,তাহাদিগ
3853,অধিনায়ক,অধিনায়ক
3854,চাকরি,চাকরি
3855,এখতিয়ার,এখতিয়ার
3856,রাখা,রাখা
3857,উত্তীর্ণ,উত্তীর্ণ
3858,দেখা,দেখা
3859,ব্যাটালিয়ান,ব্যাটালিয়ান
3860,ঠাকুর,ঠাকুর
3861,প্রশ্ন,প্রশ্ন
3862,চাওয়া,চাওয়া
3863,ট্রায়াল,ট্রায়াল
3864,আত্মহত্যা,আত্মহত্যা
3865,মস্তিস্লাভেৎস,মস্তিস্লাভ
3866,প্যাসিফিক,প্যাসিফিকেসি
3867,উপদেশ,উপদেশ
3868,নন্দলাল,নন্দলাল
3869,ধর্ষণ,ধর্ষণ
3870,দেওয়া,দেওয়া
3871,বার,বার
3872,সংশয়মাত্র,সংশয়মাত্র
3873,বিবেচনা,বিবেচক
3874,আত্মতুষ্ট,আত্মতুষ্ট
3875,বিহার,বিহারী
3876,উৎপাটন,উৎপাটন
3877,ক্যাকটাস,ক্যাকটাস
3878,রেলস্টেশন,রেলস্টেশন
3879,মর্ম,মর্ম
3880,তরু,তরু
3881,মন্গোলিয়া,মন্গোলিয়ার
3882,পাল,পাল
3883,কর্তাভজা,কর্তাভজাদ
3884,এসএসকেএম,এসএসকেএম
3885,পিপড়া,পিপড়া
3886,নিখোঁজ,নিখোঁজ
3887,নাবিক,নাবি
3888,বাধা,বাধা
3889,আওতা,আওতা
3890,আরম্ভ,আরম্ভ
3891,কট,কটি
3892,পরিক্রমা,পরিক্রমা
3893,আমানত,আমানত
3894,রুটি,রুটি
3895,ইসলাম,ইসলামিক
3896,অম্বর,অম্বর
3897,হাতি,হাতি
3898,কোন,কোনমত
3899,পূর্বপ্রান্ত,পূর্বপ্রান্ত
3900,পাড়,পাড়
3901,উলটাদিকে,উলটাদিকে
3902,এপিডাব্লিউএ,এপিডাব্লিউ
3903,টুকি,টুকি
3904,নেপচুন,নেপচুন
3905,দুর্গনির্মাণ,দুর্গনির্মাণ
3906,অনুকারী,অনুকারী
3907,তুলি,তোলা
3908,ইংরেজ,ইংরেজ
3909,গ্রহ,গ্রহ
3910,চলা,চলা
3911,নিকাশ,নিকাশ
3912,ক্লজ,ক্লজ
3913,অনুযোগ,অনুযোগী
3914,সিস্টেম,সিস্টেম্
3915,ধুম,ধুম
3916,সুগন্ধ,সুগন্ধ
3917,আসবাব,আসবাব
3918,আত্মোৎসর্গ,আত্মোৎসর্গ
3919,আলু,আলু
